row_idx,flat_index,subject_id,sleep_date,target,base_prob,subject_threshold_prob,posterior_minus_base,desired_logit_step,raw_contrib_unit,local_contrib_unit,same_negative,base_saturated_high,base_saturated_low,confidence,trajectory_grammar_logit,trajectory_action_logit,trajectory_confidence,trajectory_state_score,signed_posterior_support,posterior_agree,trajectory_joint_state_score,measurement_grammar_logit,measurement_semantic_score,measurement_temporal_score,temporal_confidence,measurement_joint_state_score,raw_semantic_grammar_logit,state_support,raw_signed_support,semantic_signed_support,temporal_signed_support,raw_semantic_joint_state_score,raw_agree,semantic_agree_residual,temporal_agree_residual,candidate_logit_step,trajectory_grammar_logit_agrees,trajectory_grammar_logit_conflicts,trajectory_action_logit_agrees,trajectory_action_logit_conflicts,signed_posterior_support_agrees,signed_posterior_support_conflicts,measurement_grammar_logit_agrees,measurement_grammar_logit_conflicts,measurement_semantic_score_agrees,measurement_semantic_score_conflicts,measurement_temporal_score_agrees,measurement_temporal_score_conflicts,raw_semantic_grammar_logit_agrees,raw_semantic_grammar_logit_conflicts,state_support_agrees,state_support_conflicts,raw_signed_support_agrees,raw_signed_support_conflicts,semantic_signed_support_agrees,semantic_signed_support_conflicts,temporal_signed_support_agrees,temporal_signed_support_conflicts,council_agreements,council_conflicts,council_balance,council_signal_strength,council_state_strength,candidate_prob_delta,effective_raw_contrib,effective_local_contrib,selection_score,source_regime,before,after,mode
141,991,id06,2024-08-10,S2,0.999987946235458,0.957985327437704,-0.0420026187977538,-8.199307924822254,0.0081647124209221,7.23955545108717e-05,False,True,False,0.472686244016918,0.1323768601614731,-8.612897600713525,0.3153286093395575,-15.369140005434422,-8.612897600713525,0.0,2.7834225566001107,0.34,0.0420561378175335,0.0833333333333333,0.0777777777777778,2.950560316050727,0.1323768601614731,0.4122451055895192,0.423734062626212,0.2539855212518844,0.0828321985322136,2.7834225566001107,1.0,1.0,1.0,0.18679398207332554,1,0,0,1,0,1,1,0,1,0,1,0,1,0,1,0,1,0,1,0,1,0,9,2,7,0.34887464757406456,0.6828475065991169,2.0537645420981576e-06,-0.00018600583848918514,-1.6492921153202557e-06,0.00043819613713968976,opposite_sign_council_search_k180,0.999987946235458,0.99999,two_regime_assignment_union_k360
135,950,id06,2024-07-14,S3,0.9998535480107577,0.99999,0.0001364519892423,2.6842490259382963,-0.0033543598407457,0.0040801317882106,False,True,False,0.5000377581962349,0.34,-6.463137922767725,0.7699656997103923,-9.977712615441634,-6.463137922767725,0.0,2.6322432092261137,0.34,-0.0613217006732332,0.0416666666666666,0.0388888888888888,2.731367397733349,0.34,0.3163413764309964,0.2226910057004396,0.0991346327170626,0.1408658684915112,2.6322432092261137,1.0,1.0,1.0,0.29999999999992255,1,0,0,1,0,1,1,0,0,1,1,0,1,0,1,0,1,0,1,0,1,0,8,3,5,0.3499399125372062,0.7360540124417305,3.7953568807425064e-05,-0.00037489366392587695,0.0004560081887465778,0.0003801384282282122,subject_threshold_council_balanced_k180,0.9998535480107577,0.9998915015795651,two_regime_assignment_union_k360
145,1019,id06,2024-08-15,S2,0.9999813739295712,0.8846775578712032,-0.115303816058368,-8.85343850870955,0.0095350494478397,-0.0075455799253844,False,True,False,0.425033893491632,-0.0272624937427291,-8.177703527429685,0.3153308961911856,16.097961339977946,8.177703527429685,1.0,2.0035568187678168,0.34,0.041981816994995,0.0833333333333333,0.0777777777777778,2.950433417735899,-0.0272624937427291,0.6454131556514747,1.5492751058873988,0.3293065505569465,-0.5088263624121682,2.0035568187678168,1.0,1.0,0.0,0.30000000000450733,0,1,0,1,1,0,1,0,1,0,1,0,0,1,1,0,1,0,1,0,0,1,7,4,3,0.4342049399065468,0.6652568297918849,4.82747146224316e-06,-0.0003230964818449792,0.00025568302930239757,0.0003307320711388884,opposite_sign_council_search_k180,0.9999813739295712,0.9999862014010334,two_regime_assignment_union_k360
148,1042,id06,2024-08-22,S4,0.9987632915643389,0.99999,0.0012267084356611,4.818851022581352,-0.0016765581619781,-0.0045592493761619,True,True,False,0.5004193479524814,0.2568072548590246,-4.629701611490891,0.2967009132035425,-7.979070878719049,-4.629701611490891,0.0,2.544410865606634,0.34,-0.0118047229894397,0.1049999999999999,0.0622588235294117,2.7786519968252823,0.2568072548590246,0.4379261406741177,0.4545361250581274,-0.0713039486874961,0.5895258382246988,2.544410865606634,1.0,0.0,1.0,0.29999999999990035,1,0,0,1,0,1,1,0,0,1,1,0,1,0,1,0,1,0,0,1,1,0,7,4,3,0.3985829639489708,0.6795219548733613,0.0003202385346537939,-0.00010437497366827489,-0.0002838383686149847,0.0003188899134577784,subject_threshold_council_balanced_k180,0.9987632915643389,0.9990835300989926,two_regime_assignment_union_k360
55,388,id02,2024-10-13,S1,0.9999866125503653,0.9743848821911252,-0.0256017303592399,-7.582555831520756,0.0061327655280089,-0.0048755606263089,False,True,False,0.4833454878168592,0.0134744304656519,-8.52210140673371,0.7531679409794128,-14.152582335488008,-8.52210140673371,0.0,1.943430933162428,0.34,0.0208080483622806,0.0899999999999999,0.0312827586206896,2.816166515262553,0.0134744304656519,0.110015975521638,0.0898352371565511,-0.4187352925109797,0.5668275656926336,1.943430933162428,1.0,0.0,1.0,0.29173596815634184,1,0,0,1,0,1,1,0,1,0,1,0,1,0,1,0,1,0,0,1,1,0,8,3,5,0.3248223606024386,0.6951564850095499,3.3874496347952032e-06,-0.00023595583448947688,0.0001875853513281576,0.0003126345367068859,opposite_sign_council_search_k180,0.9999866125503653,0.99999,two_regime_assignment_union_k360
110,775,id05,2024-10-02,S3,0.1560710222038943,1e-05,-0.1560610222038942,-9.825158297578856,0.0047933304532516,0.0041010290891468,False,False,False,0.554611357771363,0.1867839755663692,0.1944642278688497,0.3525337510258082,1.2264334888726005,0.1944642278688497,1.0,2.3059032124216827,0.1867839755663692,-0.1055349112895443,-0.1363636363636363,0.106060606060606,2.3059032124216827,0.1867839755663692,0.0660075540549526,-0.6208438045235924,0.9969838824468004,-0.6744907594765952,2.3059032124216827,0.0,1.0,0.0,0.2999999999999998,1,0,1,0,1,0,1,0,0,1,0,1,1,0,1,0,0,1,1,0,0,1,7,4,3,0.2858701104881549,0.6187308118922673,0.043695031507810955,-0.00014635887712158806,-0.0001252202447513985,0.00028870831293034634,opposite_sign_council_search_k180,0.1560710222038943,0.19976605371170522,two_regime_assignment_union_k360
32,228,id02,2024-08-31,S2,0.9999835328808347,0.99999,6.46711916529874e-06,0.4987869890347109,-0.0003468677350257,0.0002703160129504,False,True,False,0.4999922634917079,0.1456305930046283,-8.551518435825844,0.0647147672658534,-16.082171847107738,-8.551518435825844,0.0,2.581250716152041,0.34,0.012194945686821,0.0833333333333333,0.0583333333333333,2.8506813166003,0.1456305930046283,0.6961362532801886,1.983193794765501,-0.6244929483610089,0.0828321985322136,2.581250716152041,1.0,0.0,1.0,0.30000000000809024,1,0,0,1,0,1,1,0,1,0,1,0,1,0,1,0,1,0,0,1,1,0,8,3,5,0.44669583281276015,0.6523916660093897,4.2679251797128614e-06,-0.0002086267741504861,0.00016258404022178295,0.00027820034472636067,subject_threshold_council_balanced_k180,0.9999835328808347,0.9999878008060145,two_regime_assignment_union_k360
151,1061,id06,2024-08-25,S2,0.9989009488849896,0.9462262665298884,-0.0526746823551012,-3.944511838307752,0.0019574839531608,0.0022847338824068,False,True,False,0.4646624053541738,0.1194988934588843,-4.126272299926695,0.2880408659290654,-7.0371602602409675,-4.126272299926695,0.0,2.5941606671242243,0.2783515102309152,0.0056597024980336,0.0599999999999999,0.0302399999999999,2.7306674740841332,0.1194988934588843,-0.3590311470816789,-3.0530912544368003,1.923286888463849,-9.853094356155583e-17,2.5941606671242243,0.0,1.0,0.0,0.3000000000000389,1,0,0,1,0,1,1,0,1,0,1,0,1,0,0,1,0,1,1,0,0,0,6,4,2,0.4428991271691584,0.6890553818725234,0.00028462203014845144,-0.00014887651755667519,-0.00017376552354731516,0.00027447544906313714,opposite_sign_council_search_k180,0.9989009488849896,0.999185570915138,two_regime_assignment_union_k360
8,61,id01,2024-08-10,S3,0.8319663663360969,0.9570058035132852,0.1250394371771882,1.5031164593710236,-0.0003380754340991,-0.0003860461205724,True,False,False,0.500769606525301,0.1349179618066152,0.1516912197577749,0.01226951732251,-0.0073309968987756,0.1516912197577749,1.0,1.950525895671345,0.1349179618066152,0.0869310798663258,0.1463414634146341,0.0931263858093126,1.950525895671345,0.1349179618066152,0.1398549859529517,1.2031082155036297,-1.600621018449958,0.6202634084436986,1.950525895671345,1.0,0.0,1.0,0.2999999999999996,1,0,1,0,1,0,1,0,1,0,1,0,1,0,1,0,1,0,0,1,1,0,10,1,9,0.3074576999829732,0.4014655319612115,0.037883034055626874,-6.747489830042059e-05,-7.704914376375666e-05,0.0002674563051132003,subject_threshold_council_balanced_k180,0.8319663663360969,0.8698494003917238,two_regime_assignment_union_k360
150,1056,id06,2024-08-24,S4,0.9796218977121348,0.7207519882557615,-0.2588699094563733,-2.924510994324248,0.0010388545436395,0.0006005697186149,False,True,False,0.3113564565654921,0.1401658666358924,-1.8711197484253193,0.2339241054183016,-2.9188354992747727,-1.8711197484253193,0.0,2.655723429129875,0.2108865691697216,0.0468868204289933,0.1049999999999999,0.0557052631578947,2.8722116278399734,0.1401658666358924,0.1642155298259016,-0.6251669570529353,0.3247697322335457,0.5895258382246988,2.655723429129875,0.0,1.0,1.0,0.30000000000000737,1,0,0,1,0,1,1,0,1,0,1,0,1,0,1,0,0,1,1,0,1,0,8,3,5,0.37327480338381386,0.6681702043130193,0.0052014754397915475,-0.00010656699998622357,-6.160719379553182e-05,0.0002485893190132614,opposite_sign_council_search_k180,0.9796218977121348,0.9848233731519264,two_regime_assignment_union_k360
164,1151,id07,2024-07-26,S1,0.9496962315180308,0.99999,0.0502937684819692,8.57485328217794,-0.003212973043148,-0.0038566281738331,True,False,False,0.5175928189686892,0.0687326352074471,-2.2271674346905095,0.6500818050792712,-2.337272548233215,-2.2271674346905095,0.0,2.629917124929266,0.2005868627196219,-0.015865218424996,0.2040816326530612,0.1680672268907563,2.871214564789422,0.0687326352074471,0.3840971526607368,0.9187608076369488,-1.275490261224673,1.2076480660500537,2.629917124929266,1.0,0.0,1.0,0.30000000000000027,1,0,0,1,0,1,1,0,0,1,1,0,1,0,1,0,1,0,0,1,1,0,7,4,3,0.48083562059124724,0.750387221212032,0.01254553516368373,-0.00011240914348327988,-0.00013492807562721142,0.00024650782841708556,subject_threshold_council_balanced_k180,0.9496962315180308,0.9622417666817146,two_regime_assignment_union_k360
102,717,id04,2024-10-25,S1,0.9999837239763802,0.9618037256782124,-0.0381799982981678,-7.7997287779934386,0.0065605228953222,-0.0059410713555077,False,True,False,0.4751667250825711,0.0372009801390466,-9.885478995077856,0.0181794193122122,-18.800099284611647,-9.885478995077856,0.0,2.4162803323209516,0.34,0.0617129419064436,-0.2543859649122807,0.2225877192982456,2.72990378348159,0.0372009801390466,0.3039473113889481,0.8369122352196666,0.6242618560417218,-1.3676607583157503,2.4162803323209516,1.0,1.0,0.0,0.30000000001173177,1,0,0,1,0,1,1,0,1,0,0,1,1,0,1,0,1,0,1,0,0,1,7,4,3,0.46580492018011893,0.6394403625389503,4.218397897659543e-06,-0.00025233657793674743,0.00022851069023717383,0.00024165000419717572,opposite_sign_council_search_k180,0.9999837239763802,0.9999879423742779,two_regime_assignment_union_k360
247,1734,id10,2024-09-25,S3,0.4834610492324102,0.7501427372483136,0.2666816880159034,1.1655536459309768,0.0002811740643527,0.000312301873157,False,False,False,0.3434813280538797,-0.0394917328928653,0.1041131434616956,0.0985578182851898,-0.0791378315100452,-0.1041131434616956,0.0,2.39333596137581,-0.0501857534154535,-0.0432135495057169,0.0109090909090908,0.0045818181818181,2.3988313768284635,-0.0394917328928653,-0.4963994383422319,-1.4142712834372797,-0.358803774942067,-0.0999245569594952,2.39333596137581,0.0,0.0,0.0,-0.3000000000000003,1,0,0,1,1,0,1,0,1,0,0,1,1,0,1,0,1,0,1,0,1,0,9,2,7,0.19837185028396914,0.440437996412027,-0.0739966466954694,-7.237094543034581e-05,-8.038288265341114e-05,0.00023926991565857865,opposite_sign_council_search_k180,0.4834610492324102,0.4094644025369408,two_regime_assignment_union_k360
197,1382,id08,2024-09-14,S1,0.8753661628956598,0.3566887053903753,-0.5186774575052845,-2.5390274432395255,0.0010990331858197,-0.0002325627820568,False,False,False,0.3248484047364742,0.2005827503649644,-1.8493883988471664,0.31498511614176,-3.1938985911817452,-1.8493883988471664,0.0,0.9928688170619044,0.0379901242923077,-0.0890824953390876,0.0535714285714285,0.0468749999999999,2.642893799479125,0.2005827503649644,0.6711530248392186,0.104331240792533,2.0010476269315927,0.362200625954173,0.9928688170619044,1.0,1.0,1.0,0.29999999999999916,1,0,0,1,0,1,1,0,0,1,1,0,1,0,1,0,1,0,1,0,1,0,8,3,5,0.4073210512235386,0.5631596642793886,0.029220706512897765,-0.00012985679088417559,2.7478566568009522e-05,0.0002254347924613349,opposite_sign_council_search_k180,0.8753661628956598,0.9045868694085576,two_regime_assignment_union_k360
168,1181,id07,2024-08-16,S3,0.7464939878282595,0.9558158030107952,0.2093218151825358,1.9941980051106192,-0.000313197513329,-0.0005891724834196,True,False,False,0.5290784383246828,0.0331933629824538,0.3623548284436462,0.0813782990375973,0.4220138193690748,0.3623548284436462,1.0,1.4224547917854478,0.028578773631372,0.0001082218559235,0.146938775510204,0.0925714285714285,2.7207793651969285,0.0331933629824538,0.1356916499822977,0.239039514331092,-0.3104149877927863,0.6229990234923657,1.4224547917854478,1.0,0.0,1.0,0.30000000000000004,1,0,1,0,1,0,1,0,1,0,1,0,1,0,1,0,1,0,0,1,1,0,10,1,9,0.19627140801375778,0.42771710679219244,0.05249701623228109,-4.7116311298043205e-05,-8.86329966096336e-05,0.00022435033900557907,subject_threshold_council_balanced_k180,0.7464939878282595,0.7989910040605406,two_regime_assignment_union_k360
140,984,id06,2024-07-21,S2,0.999983788649818,0.991519484315857,-0.0084643043339609,-6.268315381694096,0.0042525026506248,-0.0032772323155441,False,True,False,0.4944819908327433,0.1211822876287763,-9.13973207701448,0.5078446287637974,-15.8661798010406,-9.13973207701448,0.0,2.5297318839630454,0.34,-0.0288710312881409,0.0833333333333333,0.0777777777777778,2.8070071637670124,0.1211822876287763,0.3922237910092399,1.2512366676142357,-0.75561460288876,0.0828321985322136,2.5297318839630454,1.0,0.0,1.0,0.29999999999732374,1,0,0,1,0,1,1,0,0,1,1,0,1,0,1,0,1,0,0,1,1,0,7,4,3,0.42033655790318003,0.7165365304292939,4.2016361242458444e-06,-0.00020352370892213882,0.00015684751560613916,0.0002122725916023547,opposite_sign_council_search_k180,0.999983788649818,0.9999879902859422,two_regime_assignment_union_k360
31,221,id02,2024-08-30,S2,0.9999837301773692,0.99999,6.269822630855515e-06,0.4867331964773029,-0.0003278634573655,0.0002538422536405,False,True,False,0.4999921944379208,0.1509685665333404,-9.094072819809757,0.4657858241606509,-15.877166684127207,-9.094072819809757,0.0,2.619610127611816,0.34,0.0239768092749996,0.0833333333333333,0.0614035087719298,2.88741786592014,0.1509685665333404,0.0041134609396316,-0.1265368516136582,-0.4002976308330022,0.0828321985322136,2.619610127611816,0.0,0.0,1.0,0.2999999999990628,1,0,0,1,0,1,1,0,1,0,1,0,1,0,1,0,0,1,0,1,1,0,7,4,3,0.3024618746807884,0.6892931507373595,4.216790752908928e-06,-0.00020207998534149476,0.0001564567131296232,0.00020989489713339683,subject_threshold_council_balanced_k180,0.9999837301773692,0.9999879469681221,two_regime_assignment_union_k360
67,475,id03,2024-08-27,S4,0.0683877817298243,1e-05,-0.0683777817298243,-8.901192990626582,-0.0026260325864572,-9.46387442489057e-06,True,False,False,0.5239222236054385,-0.1550486753000225,1.1346436956951964,0.245687819142653,-1.4598403267522633,-1.1346436956951964,0.0,2.7489053244698773,-0.2145115050809741,-0.0017051550086966,-0.1515151515151515,0.124777183600713,2.8580137550908433,-0.1550486753000225,-0.0065215216116995,-0.535308345095211,-0.5353776549699379,0.7557190726920842,2.7489053244698773,0.0,0.0,1.0,-0.2999999999999998,1,0,0,1,1,0,1,0,1,0,1,0,1,0,1,0,1,0,1,0,0,1,9,2,7,0.35637933560539525,0.6540935705638733,-0.016810669500310786,-8.850608865202476e-05,-3.189642478774423e-07,0.00020801034665879437,subject_threshold_council_balanced_k180,0.0683877817298243,0.05157711222951352,two_regime_assignment_union_k360
54,382,id02,2024-10-12,S2,0.9869187110282756,0.99999,0.0130712889717244,7.189510674942839,0.0028067076091122,0.0056575561496115,False,True,False,0.5045649511401036,,,,,,,,-0.0519031557930924,-0.0036201899708152,0.0599999999999999,0.0215999999999999,2.4932442962012256,,,,,,,,,,-0.2999999999999927,0,0,0,0,0,0,1,0,1,0,0,1,0,0,0,0,0,0,0,0,0,0,2,1,1,0.010491352335715659,0.12093481856709509,-0.004496159139037448,-0.00011711677203126888,-0.00023607543289403787,0.0002048991946764678,opposite_sign_council_search_k180,0.9869187110282756,0.9824225518892381,two_regime_assignment_union_k360
153,1076,id07,2024-07-15,S3,0.790499631168738,0.8506541295392573,0.0601544983705193,0.4118010333064199,-7.910513158531428e-05,-0.0001748882299969,True,False,False,0.3717082039689391,0.1167175573492242,-0.0195713670379158,0.0526082299955363,0.0791503390770927,-0.0195713670379158,0.0,2.801499556736815,0.1726613319212702,0.0019330007973307,0.2040816326530612,0.1785714285714285,2.9115922161574397,0.1167175573492242,0.6847495850659133,-0.2550631897823447,1.3346935604553656,0.8847061964815209,2.801499556736815,0.0,1.0,1.0,0.30000000000000004,1,0,0,1,0,1,1,0,1,0,1,0,1,0,1,0,0,1,1,0,1,0,8,3,5,0.2790130636377413,0.4746920100896545,0.04538757029901075,-5.762865451077127e-05,-0.00012740732721779215,0.00020180485970399724,subject_threshold_council_balanced_k180,0.790499631168738,0.8358872014677488,two_regime_assignment_union_k360
164,1153,id07,2024-07-26,S3,0.8141060919459119,0.8737560649001401,0.0596499729542282,0.4576706391449499,-0.0001187969573055,-0.0001095721744932,True,False,False,0.39463355543412,0.1024701631943994,-0.1401822743317704,0.0242442600464789,-0.2518090386686391,-0.1401822743317704,0.0,2.7513983818711707,0.1155379739526744,-5.5548594410360625e-05,0.2040816326530612,0.1680672268907563,2.851092560089435,0.1024701631943994,0.7499651876150889,0.5584797537943421,0.5794555994335543,0.8847061964815209,2.7513983818711707,1.0,1.0,1.0,0.2999999999999994,1,0,0,1,0,1,1,0,0,1,1,0,1,0,1,0,1,0,1,0,1,0,8,3,5,0.2883782639389589,0.49596568164354454,0.04120936726905933,-7.787059982313323e-05,-7.182381725292574e-05,0.00019964938428563775,subject_threshold_council_balanced_k180,0.8141060919459119,0.8553154592149712,two_regime_assignment_union_k360
249,1748,id10,2024-09-27,S3,0.4718464721223482,0.3808838422495339,-0.0909626298728142,-0.3730651041112691,-8.790964441963139e-05,-0.0001044920514633,True,False,False,0.150953078205951,-0.0177169508938434,0.16325408168161,0.1111453513086244,-0.5798566575851053,-0.16325408168161,0.0,1.129830373786658,-0.0156760973335493,0.0341764881582759,0.0109090909090908,0.0042293706293706,2.2285738511436937,-0.0177169508938434,-0.2599149708014545,-0.0683922899749,-0.6766056293333901,-0.0999245569594952,1.129830373786658,0.0,0.0,0.0,-0.3,1,0,0,1,1,0,1,0,0,1,0,1,1,0,1,0,1,0,1,0,1,0,8,3,5,0.13011075876382597,0.39842306377130143,-0.07358957609770767,-7.069246904964749e-05,-8.402719818480757e-05,0.00019230183220189805,subject_threshold_council_balanced_k180,0.4718464721223482,0.39825689602464054,two_regime_assignment_union_k360
35,250,id02,2024-09-03,S3,0.9679622125388636,0.99999,0.0320277874611364,8.104638479339185,-0.0024097374549188,-0.0005641659934344,True,True,False,0.5111997256113978,0.1889229168762329,-1.3443973388373074,0.0878825565111758,-2.4069177738144454,-1.3443973388373074,0.0,2.5367997091994403,0.1930397908018909,-0.0257097347597228,0.1041666666666666,0.0662878787878787,2.7346314803101706,0.1889229168762329,0.6887428233085287,0.6128227474567715,0.7114631172462804,0.4271080889483997,2.5367997091994403,1.0,1.0,1.0,0.30000000000000293,1,0,0,1,0,1,1,0,0,1,1,0,1,0,1,0,1,0,1,0,1,0,8,3,5,0.417892299167694,0.6440782176034948,0.008104881221841276,-8.919845571379456e-05,-2.0883078062246445e-05,0.00018616448055765297,subject_threshold_council_balanced_k180,0.9679622125388636,0.9760670937607049,two_regime_assignment_union_k360
77,544,id03,2024-10-05,S3,0.469636453932996,0.3679095705195166,-0.1017268834134793,-0.4195914785959225,-0.0001022976306808,-9.215914566005956e-05,True,False,False,0.1676948386752011,-0.0810777922945549,0.262877557988552,0.2018983655565459,-0.0602522243333433,-0.262877557988552,0.0,2.4088731077269316,-0.0810777922945549,-0.040119571334639,0.0109090909090908,0.0030545454545454,2.4088731077269316,-0.0810777922945549,-0.1866897564778773,0.3067799533896213,-1.4011886058608838,-0.0999245569594952,2.4088731077269316,1.0,0.0,0.0,-0.29999999999999977,1,0,0,1,1,0,1,0,1,0,0,1,1,0,1,0,0,1,1,0,1,0,8,3,5,0.20681233901780613,0.45838450338341374,-0.07350341869445992,-7.314087813928135e-05,-6.589205240901315e-05,0.00018459934547665528,subject_threshold_council_balanced_k180,0.469636453932996,0.39613303523853616,two_regime_assignment_union_k360
238,1671,id10,2024-08-23,S3,0.485389637182638,0.299518828312853,-0.1858708088697849,-0.7911321124032555,-0.0001963654339403,-0.0001563791876467,True,False,False,0.2655359547915717,-0.0783658507611645,-0.1177585398813003,0.1155920112877618,0.2695364794277252,0.1177585398813003,1.0,2.031523496676785,-0.0783658507611645,0.0245305203389151,0.3151515151515152,0.2322169059011164,2.031523496676785,-0.0783658507611645,-0.96397287854906,-1.844252238551669,-0.1882202332132589,-1.4933169901169068,2.031523496676785,0.0,0.0,0.0,-0.29999999999999993,1,0,1,0,0,1,1,0,0,1,0,1,1,0,1,0,1,0,1,0,1,0,8,3,5,0.3259910108271661,0.47252260221262743,-0.07405676791301846,-7.446244345100884e-05,-5.929952223973126e-05,0.00018300589780380022,subject_threshold_council_balanced_k180,0.485389637182638,0.41133286926961954,two_regime_assignment_union_k360
241,1692,id10,2024-09-18,S3,0.5050684839771257,0.3234590163960161,-0.1816094675811095,-0.7581952401842996,-0.0001708156143756,-0.000177640874707,True,False,False,0.2401042972573722,-0.0293941007287046,-0.052812539451923,0.0280867127530079,-0.1272712580469878,0.052812539451923,1.0,2.006462192901779,-0.0293941007287046,0.0016287063106583,0.0109090909090908,0.0064684491978609,2.006462192901779,-0.0293941007287046,-0.2886752931991695,-0.8127433584064506,-0.2783435871796758,-0.0999245569594952,2.006462192901779,0.0,0.0,0.0,-0.30000000000000016,1,0,1,0,0,1,1,0,0,1,0,1,1,0,1,0,1,0,1,0,1,0,8,3,5,0.13901835034836532,0.39158950785787827,-0.07454737733222899,-6.758771566576051e-05,-7.02883104345895e-05,0.000176989772782515,subject_threshold_council_balanced_k180,0.5050684839771257,0.4305211066448966,two_regime_assignment_union_k360
231,1621,id10,2024-08-08,S2,0.3346294769559434,0.0521542878800429,-0.2824751890759004,-2.2126651557371764,0.0004223686126048,0.0006665463926539,False,False,False,0.5467120282965221,0.0749933627712998,0.049733485418337,0.077970908871069,0.1404508442977151,0.049733485418337,1.0,2.3677114616685864,0.1017841915918336,-0.094038605517043,-0.3636363636363636,0.2679425837320574,2.4725379727607204,0.0749933627712998,0.4955652152639773,1.5139934880135006,0.5024176362853713,-1.5038884876368095,2.3677114616685864,1.0,1.0,0.0,0.30000000000000004,1,0,1,0,1,0,1,0,0,1,0,1,1,0,1,0,1,0,1,0,0,1,8,3,5,0.3208030066971075,0.4737219804395628,0.06973310142885547,-5.7266045634118334e-05,-9.037242588545743e-05,0.00017492316294702502,opposite_sign_council_search_k180,0.3346294769559434,0.4043625783847989,two_regime_assignment_union_k360
240,1685,id10,2024-09-17,S3,0.5141355858222892,0.408306530026735,-0.1058290557955542,-0.4275279366854908,-9.817174387279948e-05,-9.230719478117804e-05,True,False,False,0.1287336395017089,-0.0807047626713572,-0.1279093486851595,0.0107273123564132,-0.0288827731581112,0.1279093486851595,1.0,2.033560452063674,-0.0807047626713572,0.0020965335230457,0.0109090909090908,0.0068727272727272,2.033560452063674,-0.0807047626713572,-0.0567240895536737,-0.1722319889003711,-0.2861231845757173,-0.0999245569594952,2.033560452063674,0.0,0.0,0.0,-0.30000000000000004,1,0,1,0,0,1,1,0,0,1,0,1,1,0,1,0,1,0,1,0,1,0,8,3,5,0.10130873570642346,0.36700153707544203,-0.0746974309650329,-6.888795008384621e-05,-6.47727459614529e-05,0.00017451145992154418,subject_threshold_council_balanced_k180,0.5141355858222892,0.43943815485725635,two_regime_assignment_union_k360
127,894,id05,2024-11-20,S3,0.1557431079261301,1e-05,-0.1557331079261301,-9.822666547954578,-0.0007739684712207,-0.0042151855717706,True,False,False,0.5544965877741456,-0.0627252651158134,0.3715815002113518,0.5271592737440329,0.3465728263619474,-0.3715815002113518,0.0,1.2996673169859945,-0.0939472403504805,-0.0823167939635313,0.1418181818181818,0.0752382775119617,2.5828569221325557,-0.0627252651158134,-1.2123326730028312,-1.2616051817017302,-1.925725319781318,-0.6994718987164692,1.2996673169859945,0.0,0.0,0.0,-0.30000000000000004,1,0,0,1,1,0,1,0,1,0,0,1,1,0,1,0,1,0,1,0,1,0,9,2,7,0.4003650711495366,0.5201881541725806,-0.03551257717684389,-2.3638239192245908e-05,-0.00012873853198187894,0.0001718284080574518,subject_threshold_council_balanced_k180,0.1557431079261301,0.12023053074928622,two_regime_assignment_union_k360
19,139,id01,2024-09-08,S4,0.6116864391533945,0.359538169168261,-0.2521482699851334,-1.0317758194664657,-0.0001624030324294,-0.0002466401428056,True,False,False,0.2287137253265356,-0.1233994801517588,-0.4672282397908787,0.0359685615074561,0.2823423841377885,0.4672282397908787,1.0,0.8307821719021851,-0.1233994801517588,-0.0062598413795494,0.248780487804878,0.1194146341463414,0.8307821719021851,-0.1233994801517588,-0.696740561878199,-0.7996457231168791,-0.6341768929607501,-0.6744907594765952,0.8307821719021851,0.0,0.0,0.0,-0.3000000000000003,1,0,1,0,0,1,1,0,1,0,0,1,1,0,1,0,1,0,1,0,1,0,9,2,7,0.3550234405665566,0.3015260225528905,-0.07316129062806387,-4.72204415044561e-05,-7.171329415334104e-05,0.00017156773354412067,subject_threshold_council_balanced_k180,0.6116864391533945,0.5385251485253306,two_regime_assignment_union_k360
143,1007,id06,2024-08-13,S4,0.9953471279313908,0.9439802893641104,-0.0513668385672805,-2.5412051889443936,0.0010294982651001,-0.000251845510249,False,True,False,0.4619586828626584,0.2013017034040446,-3.2812061505451475,0.3167388023197217,-5.341118612074884,-3.2812061505451475,0.0,2.6294683517870387,0.2553420559579106,-0.0371990995740937,0.1458333333333333,0.1276041666666666,2.8391938725364327,0.2013017034040446,0.5982750882355291,-0.4846576739890893,1.4789159535060978,0.7354185961691951,2.6294683517870387,0.0,1.0,1.0,0.30000000000000515,1,0,0,1,0,1,1,0,0,1,1,0,1,0,1,0,0,1,1,0,1,0,7,4,3,0.4851777115649098,0.7060842756330079,0.0012017778502884102,-0.00012153661611966733,2.9731425625688388e-05,0.00016343485567741248,opposite_sign_council_search_k180,0.9953471279313908,0.9965489057816792,two_regime_assignment_union_k360
120,845,id05,2024-11-08,S3,0.1433834081365973,1e-05,-0.1433734081365973,-9.72544724858562,-0.0013936265888437,-0.0019301833006672,True,False,False,0.5501706928478091,-0.2397390679584057,0.4352341013975649,0.4935925755612875,0.1832534144345363,-0.4352341013975649,0.0,1.4737529015851,-0.2397390679584057,-0.1382139540394314,0.3636363636363636,0.3181818181818182,1.4737529015851,-0.2397390679584057,-2.310753401267867,-3.811982282111385,-1.7661650895775174,-1.715371561138008,1.4737529015851,0.0,0.0,0.0,-0.30000000000000004,1,0,0,1,1,0,1,0,1,0,0,1,1,0,1,0,1,0,1,0,1,0,9,2,7,0.5337185192419956,0.5046780080305189,-0.033062583904754125,-4.2989074534739056e-05,-5.9540191355662485e-05,0.00015405478553259073,subject_threshold_council_balanced_k180,0.1433834081365973,0.11032082423184318,two_regime_assignment_union_k360
146,1026,id06,2024-08-20,S2,0.9931441993529696,0.6183136273238603,-0.3748305720291093,-4.493384206792676,0.0011323169515766,0.000339374486737,False,True,False,0.2495043275340485,0.0951392357749243,-2.2569807890864753,0.3209047037630714,-3.363817737707304,-2.2569807890864753,0.0,2.715493742904957,0.1432624644502121,0.0514442998450725,0.0599999999999999,0.0403199999999999,2.825998378159873,0.0951392357749243,0.1745528987319042,0.2222619038903105,-0.2244323632822495,-9.853094356155583e-17,2.715493742904957,1.0,0.0,0.0,0.2999999999999998,1,0,0,1,0,1,1,0,1,0,1,0,1,0,1,0,1,0,0,1,0,0,7,3,4,0.2738356047818313,0.662818529891039,0.0017678578518665056,-7.559894054006936e-05,-2.2658277444249916e-05,0.0001421702913452511,opposite_sign_council_search_k180,0.9931441993529696,0.9949120572048361,two_regime_assignment_union_k360
71,502,id03,2024-09-17,S3,0.5292676057759682,0.4569108940144,-0.0723567117615682,-0.2899894218446055,-5.775901891283069e-05,-4.997975830770421e-05,True,False,False,0.0684139551021488,-0.0681077780435619,-0.0061946400014829,0.1716343893757084,-0.1831776115274176,0.0061946400014829,1.0,0.8129096470137851,-0.0681077780435619,-0.0070215238156175,0.0109090909090908,0.0061090909090908,0.8129096470137851,-0.0681077780435619,-0.0881203751132213,0.1163287593907652,-0.1546387690488081,-0.0999245569594952,0.8129096470137851,1.0,0.0,0.0,-0.2899894218446054,1,0,1,0,0,1,1,0,1,0,0,1,1,0,1,0,0,1,1,0,1,0,8,3,5,0.06282164830635352,0.24300175781040928,-0.07235671176156816,-5.775901891283067e-05,-4.997975830770419e-05,0.00014168738810180258,subject_threshold_council_balanced_k180,0.5292676057759682,0.45691089401440005,two_regime_assignment_union_k360
98,691,id04,2024-10-19,S3,0.5826771010682689,0.2437362032055276,-0.3389408978627412,-1.4660766621108623,0.0005183030279046,0.0003839779158892,False,False,False,0.3748931110464317,0.0351588036442,-0.1683264020319232,0.0104441532162752,-0.290084122916555,-0.1683264020319232,0.0,2.9194027820559194,0.0351588036442,-0.0086903965870655,0.4561403508771929,0.3991228070175438,2.9194027820559194,0.0351588036442,0.2544345472793077,-0.5146680639801008,-0.6936600157939,2.039103751521403,2.9194027820559194,0.0,0.0,1.0,0.2999999999999999,1,0,0,1,0,1,1,0,0,1,1,0,1,0,1,0,0,1,0,1,1,0,6,5,1,0.287658094255715,0.5052602361818234,0.0706673652855554,-0.00010605919348549971,-7.857254517709412e-05,0.0001397676564747737,opposite_sign_council_search_k180,0.5826771010682689,0.6533444663538243,two_regime_assignment_union_k360
131,921,id06,2024-07-10,S2,0.8864601293098187,0.8330271499918085,-0.0534329793180101,-0.4478470799909646,5.823696868451118e-05,0.0001286075599719,False,False,False,0.351728692753112,0.0774715147484307,0.6501244012358636,0.3073112186927496,2.159653145031092,0.6501244012358636,1.0,2.925226365912973,0.1162445687731782,0.1090004145386052,0.0833333333333333,0.0648148148148148,2.9395404002357757,0.0774715147484307,-0.426778252727876,-1.2975341090118344,-0.511891120328654,0.0828321985322136,2.925226365912973,0.0,0.0,1.0,0.2999999999999985,1,0,1,0,1,0,1,0,1,0,1,0,1,0,0,1,0,1,0,1,1,0,8,3,5,0.3112136097928086,0.6732844305841351,0.026877203028170205,-3.901128618658348e-05,-8.61505404754567e-05,0.00013832222771643465,opposite_sign_council_search_k180,0.8864601293098187,0.9133373323379889,two_regime_assignment_union_k360
167,1175,id07,2024-08-15,S4,0.5149654850195978,0.436946286736288,-0.0780191982833098,-0.3134445808614806,0.0001015246048809,0.0001031942926959,False,False,False,0.0903604326628704,0.1189592842385391,-0.4255279910832978,0.2430458432659772,-0.5344732521015927,-0.4255279910832978,0.0,1.5459358945859651,0.1189592842385391,0.2742248570378771,-0.0979591836734694,0.0658285714285714,1.5459358945859651,0.1189592842385391,0.2802790127521692,1.5176178203709627,-0.7731652140686051,-0.1356237549904685,1.5459358945859651,1.0,0.0,0.0,0.3,1,0,0,1,0,1,1,0,1,0,0,1,1,0,1,0,1,0,0,1,0,1,6,5,1,0.31714240536976485,0.4762917805529862,0.07404585792461837,-9.716990920879421e-05,-9.876797909125298e-05,0.00013597722229257672,opposite_sign_council_search_k180,0.5149654850195978,0.5890113429442162,two_regime_assignment_union_k360
182,1279,id08,2024-08-01,S3,0.6511595117472858,0.7143166678917975,0.0631571561445116,0.2923025355582132,9.74469228516092e-05,8.577106199921706e-05,False,False,False,0.2364216725423765,-0.0637469250518739,-0.2014043156762469,0.2437433752382733,1.1486080932058529,0.2014043156762469,1.0,3.013629960618004,-0.0637469250518739,-0.0164208146589967,-0.4107142857142857,0.3833333333333333,3.013629960618004,-0.0637469250518739,1.2357634021345036,1.0622520032620368,0.8443361100921003,1.8310580273798052,3.013629960618004,1.0,1.0,1.0,-0.29230253555821323,1,0,1,0,0,1,1,0,1,0,1,0,1,0,0,1,0,1,0,1,0,1,6,5,1,0.3875204742062375,0.6578501728078018,-0.06895314945188913,-9.744692285160922e-05,-8.577106199921707e-05,0.00013536410272680204,opposite_sign_council_search_k180,0.6511595117472858,0.5822063622953967,two_regime_assignment_union_k360
5,39,id01,2024-08-06,S2,0.5497473648760006,0.4420800105505679,-0.1076673543254327,-0.432374678467396,-0.0001008141397959,-8.957606995757516e-05,True,False,False,0.0956035634633335,-0.0728631705050491,0.4908858201913705,0.3456953333910849,-0.0263824046313829,-0.4908858201913705,0.0,2.492576137000591,-0.0728631705050491,-0.0323681465226645,0.0146341463414635,0.0093126385809313,2.492576137000591,-0.0728631705050491,0.0163090472539489,0.5426779369266783,-0.9201883221569922,-0.2649475897302161,2.492576137000591,1.0,0.0,0.0,-0.2999999999999999,1,0,0,1,1,0,1,0,1,0,0,1,1,0,0,1,0,1,1,0,1,0,7,4,3,0.24284142589675578,0.4902901266402404,-0.07481383333186498,-6.994915161539102e-05,-6.215169926815898e-05,0.00013525392428641,subject_threshold_council_balanced_k180,0.5497473648760006,0.4749335315441357,two_regime_assignment_union_k360
109,769,id05,2024-10-01,S4,0.3417779993614293,0.2004551024680025,-0.1413228968934267,-0.7280715340836864,-0.00018699494983,-9.611273944848347e-05,True,False,False,0.3490079114446968,-0.1021626759391037,0.7821294899079269,0.4944734102371929,-0.1979884088279744,-0.7821294899079269,0.0,2.2772549131581306,-0.1021626759391037,0.0484524588794164,0.3409090909090909,0.2807486631016043,2.2772549131581306,-0.1021626759391037,-0.9697121966235324,0.7276714837500596,-3.7972594953958687,-1.0036555592916354,2.2772549131581306,1.0,0.0,0.0,-0.29999999999999993,1,0,0,1,1,0,1,0,0,1,0,1,1,0,1,0,0,1,1,0,1,0,7,4,3,0.46566543574935976,0.5742523707073498,-0.06397402316899392,-7.70507873510424e-05,-3.9603006689217445e-05,0.00013521338688026144,subject_threshold_council_balanced_k180,0.3417779993614293,0.27780397619243535,two_regime_assignment_union_k360
93,654,id04,2024-09-27,S1,0.9992909008036182,0.9596446751147584,-0.0396462256888598,-4.081966047789095,0.0004041328513098,0.0033882679831112,False,True,False,0.4735208541058592,0.0531243030608586,-5.65478791109667,0.4738750830469851,-9.345238081551871,-5.65478791109667,0.0,2.642804876352678,0.34,0.0718756698436554,-0.6543859649122807,0.6107602339181287,2.743676622948517,0.0531243030608586,-0.5615635131043497,0.2949428718524147,0.0902398520757514,-3.614544802502768,2.642804876352678,1.0,1.0,0.0,0.3000000000002192,1,0,0,1,0,1,1,0,1,0,0,1,1,0,0,1,1,0,1,0,0,1,6,5,1,0.4513004802414758,0.7219397477804254,0.00018368902861309877,-2.970133851522871e-05,-0.0002490173565957678,0.00013373380731908336,opposite_sign_council_search_k180,0.9992909008036182,0.9994745898322313,two_regime_assignment_union_k360
144,1014,id06,2024-08-14,S4,0.999873711138518,0.8851119201563877,-0.1147617909821302,-6.935056761879662,0.0057900236065827,-0.009575655696753,False,True,False,0.4252785470001333,0.3286728256748125,-6.885922664776653,0.323227844192465,-12.124689586203138,-6.885922664776653,0.0,2.655789606055967,0.34,-0.0115219359379866,0.1458333333333333,0.1276041666666666,2.8775046845470817,0.3286728256748125,0.5308266888952194,-0.0435971884395726,0.7128324760264237,0.7354185961691951,2.655789606055967,0.0,1.0,1.0,0.3000000000005105,1,0,0,1,0,1,1,0,0,1,1,0,1,0,1,0,0,1,1,0,1,0,7,4,3,0.44425998613012196,0.6996759117334238,3.272870943749062e-05,-0.0002504676085026006,0.0004142282907937142,0.0001325643587474229,opposite_sign_council_search_k180,0.999873711138518,0.9999064398479555,two_regime_assignment_union_k360
185,1298,id08,2024-08-07,S1,0.4548656428207808,0.3309437609295042,-0.1239218818912765,-0.5228894602170355,-0.0001803957010993,-0.0001087889857661,True,False,False,0.2124288977324425,-0.0253765212654947,-0.3659291875254604,0.3318480142829882,1.728478622987068,0.3659291875254604,1.0,3.018164113031283,-0.0253765212654947,-0.0998018203673518,-0.4464285714285714,0.390625,3.018164113031283,-0.0253765212654947,1.0895653982785631,0.3095265109123419,0.7301327075822024,2.5689617407807086,3.018164113031283,1.0,1.0,1.0,-0.29999999999999993,1,0,1,0,0,1,1,0,1,0,1,0,1,0,0,1,0,1,0,1,0,1,6,5,1,0.36396333866872227,0.6869059814790209,-0.07285675629599381,-0.00010349933293231282,-6.241605198221043e-05,0.00013253289774359177,subject_threshold_council_balanced_k180,0.4548656428207808,0.382008886524787,two_regime_assignment_union_k360
146,1028,id06,2024-08-20,S4,0.9732425310852668,0.8685530257684251,-0.1046895053168417,-1.7055945603962834,0.000377833255491,0.0003318741051663,False,True,False,0.4051943526293197,0.1255959203864534,-1.5299359914787385,0.2962217569984231,-2.1287291246907483,-1.5299359914787385,0.0,2.5263172328103143,0.247598784550877,-0.022845164252527,0.1049999999999999,0.0705599999999999,2.7561897089692176,0.1255959203864534,0.4724825255369608,0.8426463834320138,-0.4070086349526715,0.5895258382246988,2.5263172328103143,1.0,0.0,1.0,0.30000000000000115,1,0,0,1,0,1,1,0,0,1,1,0,1,0,1,0,1,0,0,1,1,0,7,4,3,0.4076108416504187,0.6758733384000163,0.006796618942645272,-6.645774985409439e-05,-5.8373914798816476e-05,0.00013185971306056005,opposite_sign_council_search_k180,0.9732425310852668,0.9800391500279121,two_regime_assignment_union_k360
226,1585,id09,2024-09-21,S1,0.946918351458278,0.7427269586784383,-0.2041913927798396,-1.8211910510040663,0.0005892288147328,0.0004519347443803,False,False,False,0.3141939461513822,0.0862029041489986,-2.475846092116001,0.1604130545560176,-4.3228096702793986,-2.475846092116001,0.0,2.5431972680743065,0.2125172772361319,0.0590718131539677,-0.0439024390243902,0.0142753737214791,2.675858838322514,0.0862029041489986,0.7769399887766266,-0.076352287695803,2.291465182929996,-0.1853305686114351,2.5431972680743065,0.0,1.0,0.0,0.2999999999999985,1,0,0,1,0,1,1,0,1,0,0,1,1,0,1,0,0,1,1,0,0,1,6,5,1,0.3951173451067906,0.6537322084383109,0.013209239645860738,-9.70621090645054e-05,-7.444601885087487e-05,0.00013090533589414223,opposite_sign_council_search_k180,0.946918351458278,0.9601275911041387,two_regime_assignment_union_k360
135,951,id06,2024-07-14,S4,0.8326790220313127,0.931459166679584,0.0987801446482713,1.004588429695083,0.0002238203416339,9.741635180890836e-06,False,False,False,0.466032217306479,-0.0966792917806822,-0.3364805499224741,0.4994082188129511,1.9981422411896996,0.3364805499224741,1.0,2.476061151080603,-0.0966792917806822,0.041175554417999,0.1458333333333333,0.1361111111111111,2.476061151080603,-0.0966792917806822,-0.7621441771083217,-0.3571643809463259,-2.4516571238674696,-0.3066725320057775,2.476061151080603,0.0,0.0,0.0,-0.3000000000000005,1,0,1,0,0,1,1,0,0,1,0,1,1,0,1,0,1,0,1,0,1,0,8,3,5,0.3083169236225714,0.6769032974289275,-0.04604835089752379,-6.683941453573271e-05,-2.9091421599931253e-06,0.0001301347625933392,opposite_sign_council_search_k180,0.8326790220313127,0.7866306711337889,two_regime_assignment_union_k360
2,19,id01,2024-08-02,S3,0.887391232569814,0.99999,0.112598767430186,9.44854908211173,0.000163535938177,0.0040707348116109,False,False,False,0.5393995686005651,-0.043916612317944,-0.3106076933761434,0.009829902824453,0.3389985860644519,0.3106076933761434,1.0,2.1085237520224376,-0.1174719717754753,-0.0163684082860375,0.1463414634146341,0.1138211382113821,2.2377030187483173,-0.043916612317944,-0.3252447746164876,-0.5612502331532355,-0.2115154898374891,-0.720187965403194,2.1085237520224376,0.0,0.0,0.0,-0.30000000000000004,1,0,1,0,0,1,1,0,1,0,0,1,1,0,1,0,1,0,1,0,1,0,9,2,7,0.23790472839597132,0.4544026593104807,-0.033635556727593774,-5.1924143089856375e-06,-0.0001292495210503092,0.00012876688527801585,opposite_sign_council_search_k180,0.887391232569814,0.8537556758422202,two_regime_assignment_union_k360
76,537,id03,2024-10-04,S3,0.4886010917076137,0.4082530173589864,-0.0803480743486272,-0.3255884916234262,-2.814699942901088e-05,-8.169532964060065e-05,True,False,False,0.119868808663033,-0.0279217141826082,0.212299638537986,0.2273207254224455,0.1390030237673767,-0.212299638537986,0.0,2.487288020647891,-0.0653973780940536,-0.1221474790382516,0.0109090909090908,0.0031418181818181,2.7055508153578436,-0.0279217141826082,-0.4339490328103478,-0.502689904646509,-1.2421751494352566,-0.0999245569594952,2.487288020647891,0.0,0.0,0.0,-0.30000000000000004,1,0,0,1,1,0,1,0,1,0,0,1,1,0,1,0,1,0,1,0,1,0,9,2,7,0.22640300439181296,0.48854065337474484,-0.07415213486783495,-2.5934884204905074e-05,-7.527477021677627e-05,0.0001271018583794595,subject_threshold_council_balanced_k180,0.4886010917076137,0.4144489568397787,two_regime_assignment_union_k360
218,1530,id09,2024-09-09,S2,0.7627978532865725,0.8496634400416028,0.0868655867550303,0.5638834622801294,5.630387611187356e-05,0.000116109525043,False,False,False,0.3800663954058634,-0.0590865459955147,-0.6247358450914671,0.7251668283951549,3.38505779863757,0.6247358450914671,1.0,2.9402719426403072,-0.091677032973314,-0.2014421720920546,-0.3219512195121951,0.1708035943517329,3.1532730322890554,-0.0590865459955147,-0.0522500377107627,-0.9975986428502676,-0.2050607881581809,0.9299140894452672,2.9402719426403072,0.0,0.0,1.0,-0.30000000000000004,1,0,1,0,0,1,1,0,1,0,1,0,1,0,1,0,1,0,1,0,0,1,9,2,7,0.3248996099221981,0.7411405507070025,-0.05845175309039108,-2.995505980129415e-05,-6.177314967185167e-05,0.00012684514343882313,opposite_sign_council_search_k180,0.7627978532865725,0.7043461001961814,two_regime_assignment_union_k360
93,656,id04,2024-09-27,S3,0.6920668539086363,0.4926114847961612,-0.199455369112475,-0.8393560716226831,0.0002713766899653,0.0002206185238468,False,False,False,0.077197894393205,-0.0529012185103917,-0.7313906787693466,0.0974814858553191,0.9908963040097734,0.7313906787693466,1.0,0.897733177802178,-0.0529012185103917,0.0147008258364678,-0.443859649122807,0.4142690058479533,0.897733177802178,-0.0529012185103917,0.6006581646074516,0.4938235347879938,0.220466172861661,1.982859666098296,0.897733177802178,1.0,1.0,1.0,0.2999999999999998,0,1,0,1,1,0,0,1,1,0,0,1,0,1,1,0,1,0,1,0,1,0,6,5,1,0.36476793215104214,0.40420475687274204,0.0600249432495541,-9.699460067311567e-05,-7.885277701761114e-05,0.00012674444638384867,opposite_sign_council_search_k180,0.6920668539086363,0.7520917971581904,two_regime_assignment_union_k360
243,1707,id10,2024-09-20,S4,0.8521000012157831,0.6762913229522043,-0.1758086782635788,-1.0143875628461965,0.0003027625382117,-2.5119561547968378e-05,False,False,False,0.2378243603444568,0.1443208734102747,-0.891842995791719,0.1661773544126051,-1.3191198761340976,-0.891842995791719,0.0,2.521772704177644,0.1825364434608444,-0.1384764209847815,0.12,0.0636631578947368,2.7294619223000174,0.1443208734102747,0.4086771062666919,-0.0872738483954516,0.4499493731846564,0.643119096245126,2.521772704177644,0.0,1.0,1.0,0.2999999999999996,1,0,0,1,0,1,1,0,0,1,1,0,1,0,1,0,0,1,1,0,1,0,7,4,3,0.3283727094018868,0.6187724690709885,0.03396553684302894,-8.954049200748162e-05,7.42898349743776e-06,0.000126675016038451,opposite_sign_council_search_k180,0.8521000012157831,0.886065538058812,two_regime_assignment_union_k360
130,915,id06,2024-07-09,S3,0.9526418957948244,0.99999,0.0473481042051756,8.511414357379095,0.0022526207193661,0.002871847618144,False,True,False,0.5165618364718115,-0.0392097091414064,-0.6128793430204018,0.7468724514038692,3.206511727592128,0.6128793430204018,1.0,2.2835506628336586,-0.0704445732893346,-0.0023181221342867,0.0416666666666666,0.034313725490196,2.499310420385434,-0.0392097091414064,0.3112527732081309,0.1900681151779455,0.5199328918378511,-0.2407904254510064,2.2835506628336586,1.0,1.0,0.0,-0.2999999999999994,1,0,1,0,0,1,1,0,1,0,0,1,1,0,0,1,0,1,0,1,1,0,6,5,1,0.22620440488692878,0.6864807814664063,-0.015526733016459349,-7.939764032566025e-05,-0.00010122339828236357,0.00012526119021855517,opposite_sign_council_search_k180,0.9526418957948244,0.937115162778365,two_regime_assignment_union_k360
217,1524,id09,2024-09-08,S3,0.6640922576112163,0.7688241633094505,0.1047319056982342,0.5200991323388959,5.0880202169406725e-05,0.0001099837097799,False,False,False,0.3054803303038324,-0.0556190874013248,0.2549884343783345,0.0541837901538968,-0.7128100105201163,-0.2549884343783345,0.0,1.7607481192568002,-0.0478868413925457,-0.2451883508483084,-0.1492682926829267,0.0835902439024389,3.058790485712884,-0.0556190874013248,-0.1282654556861313,-0.4513798257660582,-0.3760319925117492,0.633667922182167,1.7607481192568002,0.0,0.0,1.0,-0.29999999999999977,1,0,0,1,1,0,1,0,1,0,1,0,1,0,1,0,1,0,1,0,0,1,9,2,7,0.2288333027841446,0.49750356415682584,-0.06983704078482744,-2.9348367843221016e-05,-6.344004610355187e-05,0.00012500501215746034,opposite_sign_council_search_k180,0.6640922576112163,0.5942552168263888,two_regime_assignment_union_k360
137,965,id06,2024-07-17,S4,0.9056573114219448,0.99999,0.0943326885780552,9.25118825016096,0.0012728473193288,0.0009081086371787,False,False,False,0.5330064410023194,-0.0255658195137959,-0.92853268641862,0.4344673893037956,3.064053717020066,0.92853268641862,1.0,2.9024968240254023,-0.0255658195137959,-0.0443576790019067,-0.1398809523809523,0.1223958333333332,2.9024968240254023,-0.0255658195137959,-0.4400143968615634,-1.1911558934797044,-1.1774354404661664,0.7141514302880729,2.9024968240254023,0.0,0.0,1.0,-0.30000000000000027,1,0,1,0,0,1,1,0,1,0,1,0,1,0,1,0,1,0,1,0,0,1,9,2,7,0.4003919337769995,0.7152319170710517,-0.02893755626899064,-4.127623235772162e-05,-2.9448389091950455e-05,0.0001241961832506518,opposite_sign_council_search_k180,0.9056573114219448,0.8767197551529542,two_regime_assignment_union_k360
198,1392,id08,2024-09-15,S4,0.2820061280554618,0.6479895127634299,0.365983384707968,1.544745776494746,0.0003688105487297,-9.011965563592748e-05,False,False,False,0.2760836974112186,-0.1412982289475348,0.4131668839876297,0.9566834199906986,2.082630789055974,-0.4131668839876297,0.0,2.810958725188544,-0.1412982289475348,0.1261412098037636,-0.3571428571428571,0.3333333333333333,2.810958725188544,-0.1412982289475348,-0.5293312180042623,-0.6228656195783056,-2.710339110934187,1.490402984949022,2.810958725188544,0.0,0.0,1.0,-0.29999999999999993,1,0,0,1,1,0,1,0,0,1,1,0,1,0,1,0,1,0,1,0,0,1,8,3,5,0.41856030085073215,0.7709672350763679,-0.05661696449156428,-7.162548446644676e-05,1.7501842116782896e-05,0.00012418192914546262,opposite_sign_council_search_k180,0.2820061280554618,0.22538916356389754,two_regime_assignment_union_k360
196,1378,id08,2024-09-11,S4,0.275109141731654,0.6641954956711916,0.3890863539395376,1.6509005743039369,0.0003722015408209,-3.853521522835064e-05,False,False,False,0.3003757195500298,-0.1587024443681939,0.4196896608690227,0.984481615636524,2.096325273687314,-0.4196896608690227,0.0,2.6383545259822703,-0.1587024443681939,-0.2434530885576795,0.3928571428571429,0.3666666666666667,2.6383545259822703,-0.1587024443681939,-0.0081939731569244,0.4156541842897766,-0.0764478695320717,-1.1892599160723358,2.6383545259822703,1.0,0.0,0.0,-0.29999999999999993,1,0,0,1,1,0,1,0,1,0,0,1,1,0,1,0,0,1,1,0,1,0,8,3,5,0.28965169517818307,0.7361560627932427,-0.055655514090979796,-6.763609146684904e-05,7.002580741956206e-06,0.00012415932279296056,opposite_sign_council_search_k180,0.275109141731654,0.21945362764067422,two_regime_assignment_union_k360
23,167,id01,2024-09-12,S4,0.4919517385756492,0.3898059486370174,-0.1021457899386317,-0.4159321493540887,-4.942384693287821e-05,-6.434022318724012e-05,True,False,False,0.1459450778415036,-0.0951929894037246,0.0374681475130954,0.0540624851677111,-0.0731132744191993,-0.0374681475130954,0.0,2.438100791576963,-0.0951929894037246,-0.0068520336418824,0.248780487804878,0.1003082926829268,2.438100791576963,-0.0951929894037246,-0.1573832009737523,-0.087032938909759,-0.422029402050151,-0.6744907594765952,2.438100791576963,0.0,0.0,0.0,-0.2999999999999998,1,0,0,1,1,0,1,0,1,0,0,1,1,0,1,0,1,0,1,0,1,0,9,2,7,0.16724725717671765,0.4275179867220146,-0.07424529771763849,-3.5648011587680605e-05,-4.6406768474489605e-05,0.00012327386908319546,subject_threshold_council_balanced_k180,0.4919517385756492,0.4177064408580108,two_regime_assignment_union_k360
83,586,id04,2024-09-14,S3,0.4988313092539003,0.3084758939338423,-0.1903554153200579,-0.8025795388496338,2.9852970391341332e-05,0.0002200459202784,False,False,False,0.2581485014281779,0.0389778476029548,0.3776438549950217,0.1970784170336383,1.3375995764597426,0.3776438549950217,1.0,3.0064578603770618,0.1154400841292582,-0.0124356983152423,0.4561403508771929,0.3756449948400412,3.0357348789315814,0.0389778476029548,0.9648455440655924,0.3913949352944441,0.5397400689803263,2.039103751521403,3.0064578603770618,1.0,1.0,1.0,0.3,1,0,1,0,1,0,1,0,0,1,1,0,1,0,1,0,1,0,1,0,1,0,10,1,9,0.35745509841037065,0.651921663125649,0.07446802506224703,-1.1158882931701947e-05,-8.225200480210371e-05,0.00011922723619822499,opposite_sign_council_search_k180,0.4988313092539003,0.5732993343161473,two_regime_assignment_union_k360
151,1060,id06,2024-08-25,S1,0.8195722065113116,0.8869838775893323,0.0674116710780207,0.5468444779860431,0.0002212510276229,-3.600654338047191e-05,False,False,False,0.4105779624666395,-0.0500102093065818,1.2321076687543793,0.0375093107381383,-2.445208488088414,-1.2321076687543793,0.0,2.248109240158906,-0.0500102093065818,0.1123538203461178,0.0449999999999999,0.0226799999999999,2.248109240158906,-0.0500102093065818,0.1794932639145672,0.9883468582235316,-0.915844155046386,-0.1914957992204843,2.248109240158906,1.0,0.0,0.0,-0.30000000000000004,1,0,0,1,1,0,1,0,0,1,0,1,1,0,0,1,0,1,1,0,1,0,6,5,1,0.34913627016288795,0.5971194309876903,-0.048663063537139006,-0.00012137876664922382,1.9753263403013223e-05,0.00011790781839948292,opposite_sign_council_search_k180,0.8195722065113116,0.7709091429741726,two_regime_assignment_union_k360
184,1294,id08,2024-08-06,S4,0.5879696218466821,0.9007930876560593,0.3128234658093771,1.8504896880202684,0.0002256232438148,0.0003955544046823,False,False,False,0.5102813006893412,-0.0751717144479629,-0.0560525166010124,0.1357923848340814,0.2322323377099006,0.0560525166010124,1.0,2.0847487704455028,-0.0919817514100203,-0.112807719400242,0.25,0.2333333333333333,2.0903192621002913,-0.0751717144479629,-0.2810737066869936,-1.384970374333457,0.9681999890269104,-0.6788479349254104,2.0847487704455028,0.0,1.0,0.0,-0.3,1,0,1,0,0,1,1,0,1,0,0,1,1,0,1,0,1,0,0,1,1,0,8,3,5,0.29142383925778503,0.46774564995959134,-0.07407864660162988,-3.6577871026590344e-05,-6.412698334550611e-05,0.00011626624960154257,opposite_sign_council_search_k180,0.5879696218466821,0.5138909752450522,two_regime_assignment_union_k360
141,993,id06,2024-08-10,S4,0.958115584990448,0.8998407193938984,-0.0582748655965495,-0.934598577829787,0.000212728825606,7.929792924882659e-05,False,True,False,0.4202369223526908,0.1020555719785265,-1.1096124401772065,0.2527802643352137,-1.4097969032034543,-1.1096124401772065,0.0,2.6933326029637645,0.1775911047734124,0.0136065116883895,0.1458333333333333,0.1361111111111111,2.915095184277762,0.1020555719785265,0.211103098543786,-0.0216375029985588,-0.3543831404825061,0.7354185961691951,2.6933326029637645,0.0,0.0,1.0,0.3000000000000025,1,0,0,1,0,1,1,0,1,0,1,0,1,0,1,0,0,1,0,1,1,0,7,4,3,0.30379089560671874,0.6409653971456672,0.01051514251139507,-6.828455466944934e-05,-2.5454114032453402e-05,0.00011534196260636527,opposite_sign_council_search_k180,0.958115584990448,0.9686307275018431,two_regime_assignment_union_k360
171,1200,id07,2024-08-20,S1,0.5616206369018019,0.965261769825838,0.4036411329240362,3.0768165766513276,0.0004455858574488,0.0004312289129645,False,False,False,0.6065361663492508,-0.0712499999999998,0.4781083317554644,0.6351262840245715,0.9640030710900848,-0.4781083317554644,0.0,2.752111522009481,-0.0712499999999998,-0.1805926254818713,-0.0930612244897959,0.0469028571428571,2.752111522009481,-0.0712499999999998,0.0410653707945537,-0.0756372772915686,-0.7261925743667486,0.5840231068471263,2.752111522009481,0.0,0.0,1.0,-0.3,1,0,0,1,1,0,1,0,1,0,1,0,1,0,0,1,1,0,1,0,0,1,8,3,5,0.23974012637997372,0.6604235128993192,-0.07468218021191259,-4.344612488409953e-05,-4.204627434442888e-05,0.00011484264669830258,opposite_sign_council_search_k180,0.5616206369018019,0.4869384566898893,two_regime_assignment_union_k360
162,1137,id07,2024-07-24,S1,0.801479635676805,0.8377164157370092,0.0362367800602041,0.2457664341200505,5.694968878728515e-05,4.990917064779479e-05,False,False,False,0.3503992887580806,-0.0712500000000002,-0.6210086547061197,0.5864173297933154,2.7906984995205972,0.6210086547061197,1.0,2.448737832050329,-0.0712500000000002,-0.0729102254237155,0.2040816326530612,0.150375939849624,2.448737832050329,-0.0712500000000002,0.0507268950552745,-0.2786826365674925,0.8849580267502859,-1.085090754548944,2.448737832050329,0.0,1.0,0.0,-0.24576643412005028,1,0,1,0,0,1,1,0,1,0,0,1,1,0,0,1,1,0,0,1,1,0,7,4,3,0.31067886783239795,0.6920776736581234,-0.04200498767380767,-5.69496887872851e-05,-4.990917064779474e-05,0.0001128488740069597,opposite_sign_council_search_k180,0.801479635676805,0.7594746480029974,two_regime_assignment_union_k360
249,1747,id10,2024-09-27,S2,0.3759988361763697,0.0712318134074109,-0.3047670227689587,-2.061353456131075,-0.0002359134448254,-0.0007655400956002,True,False,False,0.5354366445617246,,,,,,,,-0.1033648009204728,-0.0276128861601083,-0.0218181818181818,0.0084587412587412,2.6721500082138787,,,,,,,,,,-0.2999999999999998,0,0,0,0,0,0,1,0,1,0,1,0,0,0,0,0,0,0,0,0,0,0,3,0,3,0.013856257444360205,0.12495005593257029,-0.06737613309833668,-3.433376902788503e-05,-0.00011141322124887363,0.00010989319610922258,subject_threshold_council_balanced_k180,0.3759988361763697,0.308622703078033,two_regime_assignment_union_k360
238,1670,id10,2024-08-23,S2,0.3322215916206854,0.0617244668578679,-0.2704971247628174,-2.0232090498032265,-0.0001592920826768,-0.0005887727320399,True,False,False,0.5329495268091181,0.1311716874285095,-0.0835529267029251,0.2220913423735201,-0.2114514849858003,-0.0835529267029251,0.0,0.7779494814239324,-0.0862376998576927,-0.0504488096669407,-0.3636363636363636,0.2679425837320574,2.753803259526863,0.1311716874285095,-0.3233103108723472,-0.6214419271745271,1.0591030078674073,-1.5038884876368095,0.7779494814239324,0.0,1.0,0.0,-0.2999999999999998,0,1,1,0,1,0,1,0,1,0,1,0,0,1,1,0,1,0,0,1,1,0,8,3,5,0.31529161164393216,0.3764114863753431,-0.06291710991583083,-2.361971680964154e-05,-8.730280226315025e-05,0.00010820322683585047,subject_threshold_council_balanced_k180,0.3322215916206854,0.26930448170485455,two_regime_assignment_union_k360
190,1333,id08,2024-08-13,S1,0.1076109048155312,0.1794932786938116,0.0718823738782804,0.5955959147801138,0.0001093427591964,9.02424770467482e-05,False,False,False,0.3456655521635865,-0.0959449140059574,1.5717947958783696,0.3284740788767586,-1.924426511264892,-1.5717947958783696,0.0,3.0750490407022655,-0.0959449140059574,-0.102720390814435,-0.4464285714285714,0.4166666666666667,3.0750490407022655,-0.0959449140059574,0.7756640114133766,0.8294977256553634,-0.9562081094630744,2.5689617407807086,3.0750490407022655,1.0,0.0,1.0,-0.2999999999999998,1,0,0,1,1,0,1,0,1,0,1,0,1,0,0,1,0,1,1,0,0,1,7,4,3,0.5185656759486125,0.7256456681351791,-0.025603535822843707,-5.507564263777027e-05,-4.5454883826762565e-05,0.00010781592153167409,opposite_sign_council_search_k180,0.1076109048155312,0.0820073689926875,two_regime_assignment_union_k360
141,990,id06,2024-08-10,S1,0.9999885819154624,0.9587397770158654,-0.0412488048995969,-8.234579900603217,0.0059972645924865,0.0008498035700576,False,True,False,0.4731768587307243,-0.0371590819988762,-8.640797318905648,0.0314531583999393,16.186219874173652,8.640797318905648,1.0,2.2246550054943923,0.34,-0.0935880000617156,0.0625,0.0583333333333333,2.7733798069996314,-0.0371590819988762,0.7688468454908566,0.6339128196291341,1.660797982489986,-0.2897969761536667,2.2246550054943923,1.0,1.0,0.0,0.13261478651698155,0,1,0,1,1,0,1,0,0,1,1,0,0,1,1,0,1,0,1,0,0,1,6,5,1,0.4524333873440623,0.6302017943265192,1.4180845376854379e-06,-9.658367193209184e-05,-1.3685764226577253e-05,0.00010648445859364681,opposite_sign_council_search_k180,0.9999885819154624,0.99999,two_regime_assignment_union_k360
167,1172,id07,2024-08-15,S1,0.3015200201273463,0.5141799093413422,0.2126598892139958,0.8968049518260994,0.000240372593354,0.0001661465785817,False,False,False,0.0886108705662407,-0.11001,1.5659203700858404,0.6351262840245715,-1.105892698417434,-1.5659203700858404,0.0,2.7102364058867527,-0.11001,-0.0902434717281655,-0.0930612244897959,0.0625371428571428,2.7102364058867527,-0.11001,1.637649331242125,1.224498436865424,3.0286889181953405,0.5840231068471263,2.7102364058867527,1.0,1.0,1.0,-0.2999999999999997,1,0,0,1,1,0,1,0,1,0,1,0,1,0,0,1,0,1,0,1,0,1,6,5,1,0.5121162953702979,0.7272780723047398,-0.05921252952191222,-8.040965636884074e-05,-5.557950307147395e-05,0.00010563139379635809,opposite_sign_council_search_k180,0.3015200201273463,0.24230749060543408,two_regime_assignment_union_k360
66,467,id03,2024-08-25,S3,0.5037672329103787,0.3869025097708027,-0.1168647231395759,-0.4754204294242955,-5.6651528526034824e-05,-8.408864419503251e-05,True,False,False,0.1540001433280488,-0.0116976961527867,0.0963137893950424,0.1720076280079553,-0.407691660305632,-0.0963137893950424,0.0,0.7184714981422227,-0.0116976961527867,0.1276348536123005,0.5151515151515151,0.3795853269537479,0.7184714981422227,-0.0116976961527867,-0.8516112735501268,-0.1365539783559963,-0.5323651714526743,-2.4092920955789494,0.7184714981422227,0.0,0.0,0.0,-0.3000000000000002,1,0,0,1,1,0,1,0,0,1,0,1,1,0,1,0,1,0,1,0,1,0,8,3,5,0.2842548150311713,0.3066353067313965,-0.07452188720339337,-3.5748271437117036e-05,-5.3061651744872635e-05,0.00010423085924795681,subject_threshold_council_balanced_k180,0.5037672329103787,0.42924534570698536,two_regime_assignment_union_k360
117,824,id05,2024-10-17,S3,0.0930194391701361,1e-05,-0.0930094391701361,-9.235602942062116,0.0011747580296999,0.002535285583525,False,False,False,0.5325433037095476,0.0431082498207892,0.7337476033109507,0.3022617709511686,1.8829574961866065,0.7337476033109507,1.0,1.6846780143293236,0.1222506245456841,-0.020261817492978,-0.1363636363636363,0.1193181818181818,2.4839221585458557,0.0431082498207892,0.1033898603089539,-0.8178442839753308,1.6408083628893213,-0.6744907594765952,1.6846780143293236,0.0,1.0,0.0,0.30000000000000004,1,0,1,0,1,0,1,0,0,1,0,1,1,0,1,0,0,1,1,0,0,1,7,4,3,0.35515700414982015,0.6082595902203449,0.02858617701764482,-3.815965358416535e-05,-8.235365680279935e-05,0.00010370027333027223,opposite_sign_council_search_k180,0.0930194391701361,0.12160561618778092,two_regime_assignment_union_k360
27,195,id02,2024-08-26,S4,0.8101818196782207,0.9645859441337976,0.154404124455577,1.8533981132290709,-0.000329999789658,-2.0958492607291463e-05,True,False,False,0.5186273876932497,0.183863194160583,-0.559750386897494,0.2071706526707253,-1.008727837608986,-0.559750386897494,0.0,1.215501787662227,0.183863194160583,0.0035630790749287,0.1911764705882352,0.1784313725490196,1.215501787662227,0.183863194160583,0.2344347571643983,0.5672131426421405,-0.4362841998404153,0.8974243597930353,1.215501787662227,1.0,0.0,1.0,0.2999999999999996,1,0,0,1,0,1,1,0,1,0,1,0,1,0,1,0,1,0,0,1,1,0,8,3,5,0.32932985427991307,0.4703749002762069,0.04192126814613373,-5.341536510195226e-05,-3.392443176297936e-06,0.00010349410845369455,subject_threshold_council_balanced_k180,0.8101818196782207,0.8521030878243544,two_regime_assignment_union_k360
25,181,id01,2024-09-14,S4,0.5008437868711146,0.3388349061742099,-0.1620088806969046,-0.6718657367645191,-0.000148532706644,-0.0002092022591527,True,False,False,0.2178682020697066,-0.0413880095041101,0.0067911931746863,0.0589565080326157,-0.2460615093198592,-0.0067911931746863,0.0,1.7111168949139353,-0.0472719666667995,-0.0053825656834046,0.248780487804878,0.0928780487804877,2.5055505675194523,-0.0413880095041101,0.719491773479552,0.8220254747562239,1.7379814349230662,-0.6744907594765952,1.7111168949139353,1.0,1.0,0.0,-0.3000000000000001,1,0,0,1,1,0,1,0,1,0,0,1,1,0,0,1,0,1,0,1,1,0,6,5,1,0.2921259682099231,0.44051872721398144,-0.07446101346915768,-6.632249503867285e-05,-9.341252918783527e-05,0.00010322857811134212,subject_threshold_council_balanced_k180,0.5008437868711146,0.42638277340195696,two_regime_assignment_union_k360
230,1615,id10,2024-08-07,S3,0.4295895004286691,0.4634555216822261,0.0338660212535569,0.1370871290772651,3.1771341094024226e-05,3.3218511688630004e-05,False,False,False,0.0483975857565188,-0.078861958342243,0.1030460932513828,0.1198554586929373,0.0407749398272907,-0.1030460932513828,0.0,2.550852424995144,-0.078861958342243,-0.009026232986172,-0.3248484848484848,0.2526599326599327,2.550852424995144,-0.078861958342243,-0.2970530180987653,-0.6551397079215329,-1.73718418522633,1.4378033473616314,2.550852424995144,0.0,0.0,1.0,-0.13708712907726522,1,0,0,1,1,0,1,0,1,0,1,0,1,0,1,0,1,0,1,0,0,1,9,2,7,0.3146599888793797,0.47353191087156865,-0.03321949895765891,-3.177134109402424e-05,-3.321851168863002e-05,0.00010261447493030987,opposite_sign_council_search_k180,0.4295895004286691,0.3963700014710102,two_regime_assignment_union_k360
117,822,id05,2024-10-17,S1,0.8142533971695926,0.6897750851704926,-0.1244783119990999,-0.6788202069809748,0.0001182911311134,-5.0525736819812136e-05,False,False,False,0.2333424943701775,0.0691110942637922,-1.2097127438250743,0.3591472561778633,-1.2256235497552586,-1.2097127438250743,0.0,2.8426820355843314,0.0691110942637922,0.0311660572101489,0.3005050505050506,0.2629419191919193,2.8426820355843314,0.0691110942637922,1.574078535260605,2.424324817496633,0.4526578001061154,1.7492786636940851,2.8426820355843314,1.0,1.0,1.0,0.3000000000000005,1,0,0,1,0,1,1,0,1,0,1,0,1,0,1,0,1,0,1,0,1,0,9,2,7,0.4973283539306983,0.6975708270384389,0.04118251099517023,-5.2277965459913074e-05,2.2329507710674984e-05,0.00010182948379091235,opposite_sign_council_search_k180,0.8142533971695926,0.8554359081647628,two_regime_assignment_union_k360
227,1592,id09,2024-09-22,S1,0.5890241588416705,0.4127329291476621,-0.1762912296940083,-0.7126117365174984,-0.0001298076454046,4.981345418731486e-06,False,False,False,0.1489690012452408,-0.0687875999999994,0.0456027452013787,0.1604130545560185,0.2094231049651136,-0.0456027452013787,0.0,2.364473199773904,-0.1140198914594591,0.1308548416666696,-0.0439024390243902,0.0138292682926829,2.5810768250794576,-0.0687875999999994,-0.2939701300492623,-1.2736193716857287,-0.183994883415306,0.3078878801125447,2.364473199773904,0.0,0.0,1.0,-0.29999999999999993,1,0,0,1,1,0,1,0,0,1,1,0,1,0,1,0,1,0,1,0,0,1,8,3,5,0.19427615224570147,0.4731403538924487,-0.07404545027401233,-5.464728073623573e-05,2.0970797266440336e-06,0.00010065996752352508,subject_threshold_council_balanced_k180,0.5890241588416705,0.5149787085676581,two_regime_assignment_union_k360
193,1355,id08,2024-09-07,S2,0.6302652858045275,0.858556517972314,0.2282912321677865,1.2699972350608504,0.0001455038364376,0.0003667098211543,False,False,False,0.4384584492310393,-0.0713979908395545,-0.3838036005015897,0.2857666122462442,1.3660005004604263,0.3838036005015897,1.0,2.259789451929479,-0.1272015430656795,0.0126382306107417,0.3928571428571429,0.3666666666666667,2.4797150361851874,-0.0713979908395545,-0.2126325192945077,-1.211643787718938,1.544641221665086,-1.6076208327374484,2.259789451929479,0.0,1.0,0.0,-0.2999999999999997,1,0,1,0,0,1,1,0,0,1,0,1,1,0,1,0,1,0,0,1,1,0,7,4,3,0.38817324209301773,0.6375776532672592,-0.07218982165602938,-3.437105981510721e-05,-8.66245557936514e-05,0.00010044637101059914,opposite_sign_council_search_k180,0.6302652858045275,0.5580754641484981,two_regime_assignment_union_k360
19,137,id01,2024-09-08,S2,0.6171953440673071,0.52362679206553,-0.0935685520017771,-0.3830831501093309,-4.418316643259161e-05,-6.266279925025222e-05,True,False,False,0.0563757852661519,-0.0935412437956202,-0.2668356282026919,0.1340153600091743,0.2311801279281267,0.2668356282026919,1.0,0.9193461994316652,-0.0935412437956202,0.0441550635103239,-0.0614634146341462,0.0295024390243902,0.9193461994316652,-0.0935412437956202,-0.9811540326604862,-2.0726672845881247,-0.5935010937824892,0.0051950507790237,0.9193461994316652,0.0,0.0,1.0,-0.30000000000000004,1,0,1,0,0,1,1,0,0,1,1,0,1,0,1,0,1,0,1,0,0,1,8,3,5,0.2878784632768157,0.312776109319365,-0.07289661220526866,-3.4600712471938686e-05,-4.9072478833147666e-05,9.898248564950172e-05,subject_threshold_council_balanced_k180,0.6171953440673071,0.5442987318620385,two_regime_assignment_union_k360
186,1306,id08,2024-08-08,S2,0.5971208842060499,0.4827130722114841,-0.1144078119945658,-0.4626583057333024,6.018116718855981e-05,5.4602736502736e-05,False,False,False,0.0573296619866139,0.1246396479056416,-0.3303491067802317,0.3721841551761178,-0.0265985355131566,-0.3303491067802317,0.0,1.3567448889647495,0.1246396479056416,0.00972112434556,0.3928571428571429,0.3235294117647059,1.3567448889647495,0.1246396479056416,0.2029834271124908,-0.5422036297819647,0.5708909220458527,1.181626668857494,1.3567448889647495,0.0,1.0,1.0,0.3,1,0,0,1,0,1,1,0,1,0,1,0,1,0,1,0,0,1,1,0,1,0,8,3,5,0.3120070177503438,0.3967609606157257,0.06962040990540963,-3.902307584849736e-05,-3.54058724285898e-05,9.791455408039407e-05,opposite_sign_council_search_k180,0.5971208842060499,0.6667412941114595,two_regime_assignment_union_k360
24,174,id01,2024-09-13,S4,0.2857725149935417,0.4915756955287919,0.2058031805352502,0.8823050188134014,0.0001593165506569,-1.7690284271403514e-05,False,False,False,0.0804554176585456,-0.0954587044748264,0.9250135473740012,0.0577982856957455,-1.7500243843013026,-0.9250135473740012,0.0,2.405641350936015,-0.0954587044748264,-0.001284445698133,0.248780487804878,0.0964502814258911,2.405641350936015,-0.0954587044748264,-0.2973210496753521,-0.8658486369950885,0.0459091796574663,-0.6744907594765952,2.405641350936015,0.0,1.0,0.0,-0.30000000000000027,1,0,0,1,1,0,1,0,1,0,0,1,1,0,1,0,1,0,0,1,1,0,8,3,5,0.3280916301938999,0.6003785081797446,-0.05713232970078275,-5.41705693359493e-05,6.015023340293901e-06,9.756965890940309e-05,opposite_sign_council_search_k180,0.2857725149935417,0.22864018529275898,two_regime_assignment_union_k360
161,1130,id07,2024-07-23,S1,0.6759591193035365,0.9128599458119976,0.236900826508461,1.6138029093128583,0.000173746552744,0.0001212794348124,False,False,False,0.4957752350899588,-0.0712500000000003,-0.2122204520808781,0.8379340882272375,2.746093536828348,0.2122204520808781,1.0,2.3437407916929134,-0.0712500000000003,-0.0144055597445509,0.2040816326530612,0.1428571428571428,2.3437407916929134,-0.0712500000000003,-0.450392040568977,-0.1093324540235472,-0.9886586443832872,-1.085090754548944,2.3437407916929134,0.0,0.0,0.0,-0.2999999999999998,1,0,1,0,0,1,1,0,1,0,0,1,1,0,1,0,1,0,1,0,1,0,9,2,7,0.266387207062241,0.7034841296950491,-0.06882941765707629,-3.229884239420655e-05,-2.2545398966495124e-05,9.657724022501442e-05,opposite_sign_council_search_k180,0.6759591193035365,0.6071297016464602,two_regime_assignment_union_k360
193,1354,id08,2024-09-07,S1,0.5521187862468913,0.6475439589426812,0.0954251726957899,0.3990256070545169,4.323947439617618e-05,0.0001218151430661,False,False,False,0.1809427693862077,,,,,,,,-0.0469293509189187,-0.0469808314052708,-0.4464285714285714,0.4166666666666667,3.1813866456953224,,,,,,,,,,-0.3000000000000002,0,0,0,0,0,0,1,0,1,0,1,0,0,0,0,0,0,0,0,0,0,0,3,0,3,0.04661819044441919,0.1390917814418261,-0.07479442951831472,-3.250879665244287e-05,-9.15844554178121e-05,9.51330241217301e-05,opposite_sign_council_search_k180,0.5521187862468913,0.47732435672857654,two_regime_assignment_union_k360
89,628,id04,2024-09-23,S3,0.5104236462553654,0.4705633667132332,-0.0398602795421322,-0.1595834825561138,-3.501412469607523e-05,-3.985480378573923e-05,True,False,False,0.0433877311265131,-0.0807293478260866,0.1489235295950664,0.0147334900174959,-0.4004720739851567,-0.1489235295950664,0.0,2.445916025731906,-0.0807293478260866,-0.0005066222929845,-0.043859649122807,0.0323176361957525,2.445916025731906,-0.0807293478260866,-0.2089912023013123,0.2611737653845182,-1.6213309958643622,0.1509094551742093,2.445916025731906,1.0,0.0,1.0,-0.15958348255611388,1,0,0,1,1,0,1,0,1,0,1,0,1,0,1,0,0,1,1,0,0,1,8,3,5,0.19251372908066242,0.4756921172005678,-0.039860279542132226,-3.501412469607523e-05,-3.9854803785739236e-05,9.416415083438796e-05,subject_threshold_council_balanced_k180,0.5104236462553654,0.4705633667132332,two_regime_assignment_union_k360
233,1636,id10,2024-08-14,S3,0.4951855251907482,0.4129865046258269,-0.0821990205649212,-0.3323743995572049,-3.8295360653631544e-05,-8.905795253608106e-05,True,False,False,0.1157831525718955,-0.1068924700200201,-0.014310861069956,0.0270552663002586,-0.1441291093638486,0.014310861069956,1.0,2.18107678020962,-0.1192121376797238,0.0288010627562177,-0.0448484848484848,0.0251151515151515,2.292280001436876,-0.1068924700200201,-0.3515938641927889,-1.7207947815422058,0.382738113966686,0.1554381997147711,2.18107678020962,0.0,1.0,1.0,-0.3,1,0,1,0,0,1,1,0,0,1,1,0,1,0,1,0,1,0,0,1,0,1,7,4,3,0.20262587445687028,0.4257770959606608,-0.07432905613224111,-3.4565261979848004e-05,-8.038340436693588e-05,9.412054335938194e-05,subject_threshold_council_balanced_k180,0.4951855251907482,0.4208564690585071,two_regime_assignment_union_k360
3,24,id01,2024-08-03,S1,0.8895665947358626,0.6871086977764943,-0.2024578969593683,-1.2996850522728436,0.0001399663653244,0.000172404513623,False,False,False,0.2579689617122732,0.0304720420438043,-1.5955173107016687,0.0592419476991265,-2.858735268797426,-1.5955173107016687,0.0,2.861219430461426,0.0741400436110556,0.0046675736829588,0.3658536585365853,0.269576379974326,2.9780169413967585,0.0304720420438043,0.9950544865562464,-0.6489257735964895,1.8765244307920748,2.1163555254338027,2.861219430461426,0.0,1.0,1.0,0.30000000000000027,1,0,0,1,0,1,1,0,1,0,1,0,1,0,1,0,0,1,1,0,1,0,8,3,5,0.5079968890966486,0.6753390341817079,0.026211705485397085,-3.2307757578590356e-05,-3.97952980966206e-05,9.090290922610438e-05,opposite_sign_council_search_k180,0.8895665947358626,0.9157783002212597,two_regime_assignment_union_k360
167,1174,id07,2024-08-15,S3,0.7722241432679042,0.8753166205761949,0.1030924773082906,0.7278953256785314,-8.410922788536565e-05,3.938817951784352e-05,False,False,False,0.4113989876340965,0.0447700334627481,0.2880964061612894,0.1480326410286911,0.9102934743232212,0.2880964061612894,1.0,2.683413104279612,0.0447700334627481,0.003973418321829,0.146938775510204,0.0987428571428571,2.683413104279612,0.0447700334627481,0.4201547074201596,0.266331800906547,0.0518473066221841,0.6229990234923657,2.683413104279612,1.0,1.0,1.0,0.30000000000000027,1,0,1,0,1,0,1,0,1,0,1,0,1,0,1,0,1,0,1,0,1,0,11,0,11,0.19155730576169566,0.5677151041035092,0.04844871067264067,-3.4665380413163346e-05,1.623372679902563e-05,9.053650517810222e-05,subject_threshold_council_balanced_k180,0.7722241432679042,0.8206728539405449,two_regime_assignment_union_k360
147,1034,id06,2024-08-21,S3,0.9337861083167048,0.99999,0.0662038916832952,8.866558344094027,0.0013110870790327,0.0002270300417962,False,False,False,0.5231613620891533,-0.040999150319077,-0.2305264024229822,0.7196634975213803,1.941283758877263,0.2305264024229822,1.0,0.9226906200171928,-0.0385791050303733,-0.0001789839721056,0.0299999999999999,0.0188999999999999,1.941464015623164,-0.040999150319077,-0.3013528773792797,-0.9193394690087608,0.3749167840829152,-0.1873585442990537,0.9226906200171928,0.0,1.0,0.0,-0.2999999999999994,1,0,1,0,0,1,1,0,1,0,0,1,1,0,1,0,1,0,0,1,1,0,8,3,5,0.1968503998938072,0.542072566486244,-0.021141872091401503,-4.436063108656027e-05,-7.681561423914436e-06,8.997932884087195e-05,opposite_sign_council_search_k180,0.9337861083167048,0.9126442362253033,two_regime_assignment_union_k360
12,89,id01,2024-08-15,S3,0.8352057168896126,0.9746323877379182,0.1394266708483055,2.025606974062459,0.0003174430881364,0.0002525605792288,False,False,False,0.5234317225348251,-0.0283758211821996,0.0480277832966011,0.0925806739344381,-0.4156487167744918,-0.0480277832966011,0.0,1.1381203745378852,-0.0244309734629491,0.0726420527016133,0.1463414634146341,0.1205164992826399,2.4365172229263523,-0.0283758211821996,-0.3864361651036935,-1.0704462929530525,0.5965585178249972,-0.720187965403194,1.1381203745378852,0.0,1.0,0.0,-0.3000000000000005,1,0,0,1,1,0,1,0,0,1,0,1,1,0,1,0,1,0,0,1,1,0,7,4,3,0.24586359240815306,0.40550859220366764,-0.04552862085239351,-4.701451350650444e-05,-3.740517027185642e-05,8.930671760127872e-05,opposite_sign_council_search_k180,0.8352057168896126,0.7896770960372191,two_regime_assignment_union_k360
59,419,id03,2024-08-17,S4,0.2808009939131022,1e-05,-0.2807909939131022,-10.572423575456126,0.0022617141735641,-0.0004313022082706,False,False,False,0.5982668478695857,0.0408848651722269,-0.5137478812766009,0.2685268270004004,-0.357224708584053,-0.5137478812766009,0.0,2.3345884339549197,0.0408848651722269,0.0144241623235739,-0.1515151515151515,0.1414141414141414,2.3345884339549197,0.0408848651722269,0.2629846214518431,0.4614154118602004,0.102063276410793,-0.3269730085286665,2.3345884339549197,1.0,1.0,0.0,0.2999999999999998,1,0,0,1,0,1,1,0,1,0,0,1,1,0,1,0,1,0,1,0,0,1,7,4,3,0.21262972007008354,0.511124157347883,0.06433436166081719,-6.417774006372705e-05,1.2238505349102603e-05,8.726779910920005e-05,opposite_sign_council_search_k180,0.2808009939131022,0.3451353555739194,two_regime_assignment_union_k360
242,1699,id10,2024-09-19,S3,0.4857339631340035,0.382080988811892,-0.1036529743221115,-0.4236451603364298,-8.250239890900663e-05,-0.0001032669566304,True,False,False,0.154197552200847,-0.0857020296021394,0.0500129272697491,0.0535579091417928,-0.1814493846273367,-0.0500129272697491,0.0,2.1923053627985567,-0.0857020296021394,-0.0541101653761037,0.0109090909090908,0.0061090909090908,2.1923053627985567,-0.0857020296021394,1.187109288739552,1.5992105949681414,1.7361172555312006,-0.0999245569594952,2.1923053627985567,1.0,1.0,0.0,-0.3000000000000003,1,0,0,1,1,0,1,0,1,0,0,1,1,0,0,1,0,1,0,1,1,0,6,5,1,0.29199862815435085,0.45419797367896414,-0.07406727700414312,-5.842323243595347e-05,-7.312744223147099e-05,8.718705184317361e-05,subject_threshold_council_balanced_k180,0.4857339631340035,0.4116666861298604,two_regime_assignment_union_k360
4,31,id01,2024-08-04,S1,0.785383911446116,0.6968756721195891,-0.0885082393265268,-0.4648578853132986,3.569596790083058e-05,5.800902857428504e-05,False,False,False,0.2278535558838735,0.1215283270072987,-0.8060882049761742,0.0588126818451408,-1.8918010685350712,-0.8060882049761742,0.0,1.3123969707887422,0.0280484668766455,0.013779222756987,0.3658536585365853,0.2560975609756097,2.977817387162609,0.1215283270072987,0.809941365415271,0.2089503357939412,0.9453888839269226,2.1163555254338027,1.3123969707887422,1.0,1.0,1.0,0.2999999999999998,1,0,0,1,0,1,1,0,1,0,1,0,1,0,1,0,1,0,1,0,1,0,9,2,7,0.4139542406293264,0.5537145407603135,0.04625983379034726,-2.3036697254327098e-05,-3.743662121716331e-05,8.710420852033508e-05,opposite_sign_council_search_k180,0.785383911446116,0.8316437452364632,two_regime_assignment_union_k360
142,998,id06,2024-08-12,S2,0.9999880882514612,0.9316981521287944,-0.0682899361226668,-8.724901391199552,0.0035541183417842,-0.0016409130803043,False,True,False,0.4555996297717277,0.132384422941514,-8.620533300326246,0.3195448877704425,-15.310408068875594,-8.620533300326246,0.0,2.961975104444685,0.34,0.1055300245012102,0.0833333333333333,0.0777777777777778,3.0344048594580486,0.132384422941514,0.0112162185279394,-0.3372603306529214,-0.2127005080838928,0.0828321985322136,2.961975104444685,0.0,0.0,1.0,0.17494200402972027,1,0,0,1,0,1,1,0,1,0,1,0,1,0,1,0,0,1,0,1,1,0,7,4,3,0.3097663050502571,0.6814308481655539,1.9117485388076005e-06,-7.126322205746385e-05,3.2901761273380105e-05,8.668222023314057e-05,opposite_sign_council_search_k180,0.9999880882514612,0.99999,two_regime_assignment_union_k360
166,1165,id07,2024-07-28,S1,0.8205125702353004,0.99999,0.1794774297646996,9.993091410608494,0.0022334630473717,0.0011563322799592,False,False,False,0.5628071004176449,-0.03876,-0.868216491416248,0.7093689902355635,3.5616131834488276,0.868216491416248,1.0,2.243322299622684,-0.03876,0.0567421007420569,0.2040816326530612,0.1904761904761905,2.243322299622684,-0.03876,0.3351876364093327,-0.657387380154084,2.2950734181527035,-1.085090754548944,2.243322299622684,0.0,1.0,0.0,-0.3000000000000007,1,0,1,0,0,1,1,0,0,1,0,1,1,0,0,1,1,0,0,1,1,0,6,5,1,0.40453714688730874,0.7141752019837921,-0.048479985462821285,-6.705021366063238e-05,-3.471395084203135e-05,8.54616082700462e-05,opposite_sign_council_search_k180,0.8205125702353004,0.7720325847724792,two_regime_assignment_union_k360
232,1629,id10,2024-08-11,S3,0.4209065546133912,0.295233332030576,-0.1256732225828152,-0.5510477738369093,-9.118473939120764e-05,-0.0001558340371906,True,False,False,0.2487522958734093,-0.0672220745401998,0.225457444010471,0.0329709412126015,-0.5325622937740883,-0.225457444010471,0.0,2.319280983022906,-0.0952507770018129,0.0380127824678483,-0.1648484848484849,0.1049035812672176,2.4305219387205144,-0.0672220745401998,0.1494271399887107,-0.9132703029351218,0.6489661641232097,0.7050232629919974,2.319280983022906,0.0,1.0,1.0,-0.29999999999999993,1,0,0,1,1,0,1,0,0,1,1,0,1,0,0,1,1,0,0,1,0,1,6,5,1,0.2657765127808349,0.5060093186019584,-0.07090969379596579,-4.964255934996033e-05,-8.483876240288758e-05,8.394988792094522e-05,subject_threshold_council_balanced_k180,0.4209065546133912,0.3499968608174254,two_regime_assignment_union_k360
25,179,id01,2024-09-14,S2,0.6409082270461411,0.5988541905865129,-0.0420540364596282,-0.1786151129676958,-2.6631414661556224e-05,-2.589432202060151e-05,True,False,False,0.1135731033473827,-0.0986298043795622,-0.340577595215921,0.1061097971600779,0.3043788787788659,0.340577595215921,1.0,0.9741923514907088,-0.0986298043795622,-0.0103394421510008,-0.0614634146341462,0.0229463414634146,0.9741923514907088,-0.0986298043795622,-0.7229753058859298,-1.5142261720721313,-0.4039096906611863,0.0051950507790237,0.9741923514907088,0.0,0.0,1.0,-0.17861511296769583,1,0,1,0,0,1,1,0,1,0,1,0,1,0,1,0,1,0,1,0,0,1,9,2,7,0.2670512831638168,0.3238698580393772,-0.04205403645962824,-2.6631414661556224e-05,-2.589432202060151e-05,8.369817149408019e-05,subject_threshold_council_balanced_k180,0.6409082270461411,0.5988541905865129,two_regime_assignment_union_k360
34,244,id02,2024-09-02,S4,0.6304780092695592,0.987888519031015,0.3574105097614558,3.867147990135357,0.0004639186325366,-1.217036452432443e-05,False,False,False,0.6129821974475246,-0.0927180940415005,0.3515581474452022,0.2127861181157493,-0.1044871166889425,-0.3515581474452022,0.0,2.675990238022352,-0.1111624137035657,-0.0080922745774314,-0.2205882352941176,0.1403743315508021,2.8802096847744503,-0.0927180940415005,-0.2057455144066349,-1.519512012139991,-0.1583627893483544,1.0025091794409315,2.675990238022352,0.0,0.0,1.0,-0.30000000000000016,1,0,0,1,1,0,1,0,1,0,1,0,1,0,1,0,1,0,1,0,0,1,9,2,7,0.2934089806605474,0.505418644218193,-0.07217739538249135,-3.5989207063190626e-05,9.441348938832662e-07,8.30994603811416e-05,opposite_sign_council_search_k180,0.6304780092695592,0.5583006138870679,two_regime_assignment_union_k360
76,538,id03,2024-10-04,S4,0.2181785185427831,1e-05,-0.2181685185427831,-10.236602655095105,0.0019803507786521,-0.0001429406948424,False,False,False,0.576348981489974,0.035381911386786,-0.106676674638704,0.339777113277274,0.6158208520005007,-0.106676674638704,0.0,2.297623213509638,0.035381911386786,-0.0154362564830578,0.0109090909090908,0.0031418181818181,2.297623213509638,0.035381911386786,0.3236618964105051,0.879864574879398,-0.6605552603355724,0.2533499470056558,2.297623213509638,1.0,0.0,1.0,0.30000000000000027,1,0,0,1,0,1,1,0,0,1,1,0,1,0,1,0,1,0,0,1,1,0,7,4,3,0.19917786132808846,0.5500814937484483,0.05544549657623435,-5.803734438201931e-05,4.189105496969078e-06,8.306048281738791e-05,opposite_sign_council_search_k180,0.2181785185427831,0.27362401511901746,two_regime_assignment_union_k360
200,1405,id08,2024-09-20,S3,0.6867316251592974,0.4348990974003306,-0.2518325277589668,-1.0467735773134257,8.183581211017223e-05,0.0003013843793684,False,False,False,0.1532422873153077,0.042846552313505,0.0741180017463563,0.1925223858911967,0.547371868212929,0.0741180017463563,1.0,2.4065983216377997,0.1032864896657578,-0.0208914880414568,0.0042857142857143,0.0025411764705882,2.524752142789633,0.042846552313505,-0.2552734701051706,-1.1605246090481274,0.0331514013827372,-0.0303342405055607,2.4065983216377997,0.0,1.0,0.0,0.3000000000000004,1,0,1,0,1,0,1,0,0,1,1,0,1,0,0,1,0,1,1,0,0,1,7,4,3,0.13602228134728342,0.5135626430063132,0.060685367833875015,-2.345372883413994e-05,-8.637523507479168e-05,8.233656544582279e-05,opposite_sign_council_search_k180,0.6867316251592974,0.7474169929931724,two_regime_assignment_union_k360
78,552,id03,2024-10-06,S4,0.2822587325765953,1e-05,-0.2822487325765953,-10.579630454298805,0.0014671738303042,0.0001624971452946,False,False,False,0.5987770564018083,0.0272360363502782,-0.4532257100843737,0.3362558770353048,-0.5625562973843969,-0.4532257100843737,0.0,0.7808535414565104,0.0272360363502782,-0.0508611206134442,0.0109090909090908,0.0029719901719901,0.7808535414565104,0.0272360363502782,0.9314078198643914,1.1715329531396446,1.705150908389512,0.2533499470056558,0.7808535414565104,1.0,1.0,1.0,0.30000000000000004,1,0,0,1,0,1,1,0,0,1,1,0,1,0,1,0,1,0,1,0,1,0,8,3,5,0.33933047901563423,0.37813605232209757,0.06450731265360632,-4.160373568742517e-05,-4.607830471865901e-06,8.173557001198531e-05,opposite_sign_council_search_k180,0.2822587325765953,0.3467660452302016,two_regime_assignment_union_k360
112,787,id05,2024-10-06,S1,0.2705933411150441,0.0847069507396427,-0.1858863903754013,-1.3884323250666282,-0.0002027716669213,-0.0004076217246466,True,False,False,0.4803532858917477,-0.1550912155891448,0.7158375969460592,0.1848049248636877,-1.0792019026120474,-0.7158375969460592,0.0,2.080348319487224,-0.054784208680026,-0.2375597952637959,-0.4772727272727273,0.3712121212121212,3.347452562739519,-0.1550912155891448,1.9123803142449,3.384705669602501,0.119178368090129,2.7422198448373374,2.080348319487224,1.0,1.0,1.0,-0.30000000000000004,1,0,0,1,1,0,1,0,1,0,1,0,1,0,0,1,0,1,0,1,0,1,6,5,1,0.48488040138839755,0.6303024705021569,-0.05501364198300357,-4.3813082552289374e-05,-8.807524514249287e-05,8.160522809256398e-05,subject_threshold_council_balanced_k180,0.2705933411150441,0.2155796991320405,two_regime_assignment_union_k360
183,1286,id08,2024-08-03,S3,0.5933020441455303,0.3676210884370692,-0.2256809557084611,-0.9200688332928056,-0.0001709642174009,-0.0001923377751074,True,False,False,0.2113672460608922,-0.0322288965297374,0.1117683900456699,0.1770777115159543,0.119456721257502,-0.1117683900456699,0.0,2.318600403744246,-0.0322288965297374,-0.0119201688070383,0.0892857142857143,0.0833333333333333,2.318600403744246,-0.0322288965297374,0.7594957038305674,0.8831169816491024,1.3603820288879218,-0.4588797362753026,2.318600403744246,1.0,1.0,0.0,-0.2999999999999999,1,0,0,1,1,0,1,0,1,0,0,1,1,0,0,1,0,1,0,1,1,0,6,5,1,0.2795129296455545,0.4732176276905508,-0.07390357783588342,-5.574503055030546e-05,-6.271414751192421e-05,8.089543855472397e-05,subject_threshold_council_balanced_k180,0.5933020441455303,0.5193984663096469,two_regime_assignment_union_k360
144,1013,id06,2024-08-14,S3,0.9522076528619444,0.99999,0.0477823471380556,8.520997856130023,-0.0010343500053046,-0.0004429385871183,True,True,False,0.5167138214983196,0.133343362652216,-0.5757850611373749,0.7193616682717705,0.5852129004234021,-0.5757850611373749,0.0,1.4214139402026276,0.133343362652216,0.0086502774516383,0.0416666666666666,0.0364583333333333,1.4214139402026276,0.133343362652216,0.590601699536511,2.116113540472445,-0.6804609970849551,0.1408658684915112,1.4214139402026276,1.0,0.0,1.0,0.3000000000000016,1,0,0,1,0,1,1,0,1,0,1,0,1,0,1,0,1,0,0,1,1,0,8,3,5,0.3382384724710768,0.5385087542533622,0.011942841123337322,-3.641650975984816e-05,-1.5594602695493647e-05,8.069507730534485e-05,subject_threshold_council_balanced_k180,0.9522076528619444,0.9641504939852817,two_regime_assignment_union_k360
197,1385,id08,2024-09-14,S4,0.2650462132198692,0.6945516938780472,0.4295054806581779,1.841389460906278,0.0003335374207383,-4.201673047034925e-06,False,False,False,0.3448786121084094,-0.1382540492079852,0.5213327766811651,0.93388871639264,1.849593788306351,-0.5213327766811651,0.0,2.9309368646891203,-0.1664419164481188,-0.270747714847154,-0.1071428571428571,0.0937499999999999,3.136364702759235,-0.1382540492079852,0.1120370137594391,0.3778970082530435,-1.0586886106849114,0.5971820179419026,2.9309368646891203,1.0,0.0,1.0,-0.30000000000000004,1,0,0,1,1,0,1,0,1,0,1,0,1,0,0,1,0,1,1,0,0,1,7,4,3,0.3237132522692841,0.75327837385505,-0.054211851200305944,-5.4340066751682705e-05,6.845384644973995e-07,8.032616815132089e-05,opposite_sign_council_search_k180,0.2650462132198692,0.21083436201956327,two_regime_assignment_union_k360
225,1579,id09,2024-09-20,S2,0.85711729089602,0.728478597715558,-0.1286386931804619,-0.8046334131845886,-8.643683657045782e-05,-0.0001682614176846,True,False,False,0.2735021403287196,,,,,,,,-0.0124780502478048,-0.0709690456189771,-0.3219512195121951,0.1081756097560975,2.9070972541587983,,,,,,,,,,-0.30000000000000027,0,0,0,0,0,0,1,0,1,0,1,0,0,0,0,0,0,0,0,0,0,0,3,0,3,0.03587251796574869,0.1333868805579001,-0.04080638173959039,-3.2227161520060566e-05,-6.273468697455255e-05,7.933250441082775e-05,subject_threshold_council_balanced_k180,0.85711729089602,0.8163109091564296,two_regime_assignment_union_k360
140,985,id06,2024-07-21,S3,0.9948189717556216,0.99999,0.0051710282443784,6.25535822160102,-0.0018202656217152,0.0086785779186287,False,True,False,0.5017998598855324,-0.1157149008127,-2.8714045536251662,0.749341526230558,7.523316480324666,2.8714045536251662,1.0,2.4053190355835383,-0.34,-0.029712771984103,0.0416666666666666,0.0388888888888888,2.6697174645884667,-0.1157149008127,0.7268014424479677,0.3257300270085245,1.7264536387604277,-0.2407904254510064,2.4053190355835383,1.0,1.0,0.0,-0.29999999999999094,1,0,1,0,0,1,1,0,1,0,0,1,1,0,0,1,0,1,0,1,1,0,6,5,1,0.4297368543889777,0.740997747226621,-0.0017999744001958584,8.729790799651382e-05,-0.0004162149126164933,7.910711818074128e-05,opposite_sign_council_search_k180,0.9948189717556216,0.9930189973554258,two_regime_assignment_union_k360
19,136,id01,2024-09-08,S1,0.8184923672159972,0.687783946886693,-0.1307084203293042,-0.7163870328660866,9.454307835133324e-05,-3.529824648016653e-05,False,False,False,0.2335318940019494,0.0221680612415143,-0.7671596369792691,0.1889603908104431,-1.046383156048299,-0.7671596369792691,0.0,2.4269976227400263,0.0221680612415143,0.018615788143928,0.0234146341463414,0.0112390243902439,2.4269976227400263,0.0221680612415143,0.6672324129013407,0.2484945963781292,1.2958139652724037,0.1928035754102827,2.4269976227400263,1.0,1.0,1.0,0.30000000000000004,1,0,0,1,0,1,1,0,1,0,1,0,1,0,1,0,1,0,1,0,1,0,9,2,7,0.2978925002671964,0.5926129125793255,0.040405538932965945,-3.9591620456789897e-05,1.4781777807568774e-05,7.859239588899908e-05,opposite_sign_council_search_k180,0.8184923672159972,0.8588979061489631,two_regime_assignment_union_k360
152,1070,id07,2024-07-14,S4,0.3396028357865268,0.4125589092010615,0.0729560734145347,0.3116676489704582,3.615487228866628e-05,1.7753428381733807e-05,False,False,False,0.1129757164940256,-0.1301286732086786,0.5959856794632625,0.0535233883375469,-1.1807629753475553,-0.5959856794632625,0.0,2.2886336105112797,-0.1603743609852366,0.2220470018154391,0.5306122448979591,0.4952380952380952,2.4949397664690203,-0.1301286732086786,-0.9112047090927142,-1.5701531002013709,-0.3077953804290058,-1.6814428978925848,2.2886336105112797,0.0,0.0,0.0,-0.29999999999999993,1,0,0,1,1,0,1,0,0,1,0,1,1,0,1,0,1,0,1,0,1,0,8,3,5,0.4600674011421441,0.6066895210409934,-0.06373751411628403,-3.480137166122101e-05,-1.7088807683806077e-05,7.813319994582637e-05,opposite_sign_council_search_k180,0.3396028357865268,0.27586532167024275,two_regime_assignment_union_k360
168,1179,id07,2024-08-16,S1,0.871203906373271,0.99999,0.128786093626729,9.601269893641849,0.0016219086247789,0.0023164385063025,False,False,False,0.5450651327693552,,,,,,,,-0.0292502720581202,0.0552519812041565,-0.0930612244897959,0.0586285714285714,2.6559355930721487,,,,,,,,,,-0.30000000000000004,0,0,0,0,0,0,1,0,0,1,1,0,0,0,0,0,0,0,0,0,0,0,2,1,1,0.016111932877058928,0.1251698734526117,-0.03756417935073153,-5.067794081654894e-05,-7.237912896823657e-05,7.753404414004385e-05,opposite_sign_council_search_k180,0.871203906373271,0.8336397270225395,two_regime_assignment_union_k360
17,122,id01,2024-09-05,S1,0.8054895471281945,0.7376993148204736,-0.0677902323077209,-0.3869195117558111,-4.858272686646781e-05,-0.0001215298160342,True,False,False,0.2614258961281759,-0.0163897724641167,-0.6819575940434336,0.1889603908104431,1.6246007974487608,0.6819575940434336,1.0,2.227200602537178,-0.0807838280956674,0.0042209138781561,0.0234146341463414,0.0131121951219512,2.4639620899206727,-0.0163897724641167,0.2357790992053529,-0.2927888744849484,0.7216573201889145,-0.0702462639091731,2.227200602537178,0.0,1.0,0.0,-0.30000000000000027,1,0,1,0,0,1,1,0,0,1,0,1,1,0,0,1,1,0,0,1,1,0,6,5,1,0.23007890676467901,0.5919181463334094,-0.05132200270569387,-3.7668862947234035e-05,-9.422875740961684e-05,7.637711602934533e-05,subject_threshold_council_balanced_k180,0.8054895471281945,0.7541675444225007,two_regime_assignment_union_k360
77,545,id03,2024-10-05,S4,0.2497134889906558,1e-05,-0.2497034889906557,-10.412774533274002,0.0012080180951305,0.0004767775417772,False,False,False,0.5873862211467296,0.1205442642263686,-0.299507372734707,0.3231182933601702,0.2386355293722134,-0.299507372734707,0.0,2.4093979306061724,0.1526344705602976,0.0112690374083413,0.0109090909090908,0.0030545454545454,2.6166604555376156,0.1205442642263686,0.3743999433469864,0.4948959771351798,-0.0468438136401056,0.2533499470056558,2.4093979306061724,1.0,0.0,1.0,0.29999999999999993,1,0,0,1,0,1,1,0,1,0,1,0,1,0,1,0,1,0,0,1,1,0,8,3,5,0.19146280767345492,0.5072771495442253,0.06028188404321436,-3.4803925445720876e-05,-1.3736325709934279e-05,7.626007763536758e-05,opposite_sign_council_search_k180,0.2497134889906558,0.30999537303387015,two_regime_assignment_union_k360
96,675,id04,2024-10-17,S1,0.5002995727195579,0.7692977242391328,0.2689981515195748,1.203151731495154,0.0001281880594487,2.646952027617575e-06,False,False,False,0.3634470772709839,-0.0712499999999999,1.5112807583903676,0.3903362633336811,-1.8399570527026623,-1.5112807583903676,0.0,2.431238897626833,-0.0712499999999999,-0.0600350246219411,0.2456140350877192,0.2022703818369453,2.431238897626833,-0.0712499999999999,-0.3752376232625814,-0.1417844235489936,-0.5125645719037251,-1.318386985416912,2.431238897626833,0.0,0.0,0.0,-0.2999999999999998,1,0,0,1,1,0,1,0,1,0,0,1,1,0,1,0,1,0,1,0,1,0,9,2,7,0.37874592479861363,0.6712248647356902,-0.07444913123321978,-3.196306569481786e-05,-6.600045426510452e-07,7.539177085611269e-05,opposite_sign_council_search_k180,0.5002995727195579,0.42585044148633816,two_regime_assignment_union_k360
161,1133,id07,2024-07-23,S4,0.4379655720529256,0.2551658264070128,-0.1827997456459127,-0.8218251713403673,-0.0001424427941826,-0.0001507759245434,True,False,False,0.3088140845690565,-0.05375519078213,0.0204236108670053,0.1063968700821514,-0.3108332927504017,-0.0204236108670053,0.0,1.169810369919873,-0.0529869537297655,-0.0005765458565133,0.5306122448979591,0.3714285714285713,2.4718087644807563,-0.05375519078213,0.7156055608771638,1.8521122376821697,1.5251895171542045,-1.6814428978925848,1.169810369919873,1.0,1.0,0.0,-0.3000000000000001,1,0,0,1,1,0,1,0,1,0,0,1,1,0,0,1,0,1,0,1,1,0,6,5,1,0.3723983748799705,0.42526446177801885,-0.07196723859263598,-5.1997480419211544e-05,-5.5039415851983815e-05,7.405511707679773e-05,subject_threshold_council_balanced_k180,0.4379655720529256,0.3659983334602896,two_regime_assignment_union_k360
129,909,id06,2024-07-08,S4,0.896942120189294,0.99999,0.103047879810706,9.34921490124558,0.0010974949435621,0.0002813588482897,False,False,False,0.5360567579337472,-0.0206582188211462,-0.1346293189863918,0.2614093270438138,0.848902909977747,0.1346293189863918,1.0,2.3417844431646984,-0.0206582188211462,0.0634292297339384,0.1458333333333333,0.1276041666666666,2.3417844431646984,-0.0206582188211462,-0.8600183129917223,-2.4402631280948968,-0.2170555307414878,-0.3066725320057775,2.3417844431646984,0.0,0.0,0.0,-0.3000000000000007,1,0,1,0,0,1,1,0,0,1,0,1,1,0,1,0,1,0,1,0,1,0,8,3,5,0.248188568497826,0.5738967257322835,-0.03121442410161057,-3.5216698572708926e-05,-9.028314717173204e-06,7.37861196485196e-05,opposite_sign_council_search_k180,0.896942120189294,0.8657276960876834,two_regime_assignment_union_k360
221,1551,id09,2024-09-13,S2,0.8951421138153861,0.7996436178824486,-0.0954984959329374,-0.7603080642176183,-0.0001866944204289,-1.4088363794751786e-05,True,False,False,0.3330680914589767,,,,,,,,0.1350730823439157,-0.093924166841586,-0.3219512195121951,0.1410986214209968,2.4837680521463534,,,,,,,,,,-0.30000000000000093,0,0,0,0,0,0,0,1,1,0,1,0,0,0,0,0,0,0,0,0,0,0,2,1,1,0.04901606175442752,0.12922242393248654,-0.03167662437878849,-7.366530589982582e-05,-5.558942930290716e-06,7.369879759121181e-05,subject_threshold_council_balanced_k180,0.8951421138153861,0.8634654894365976,two_regime_assignment_union_k360
91,640,id04,2024-09-25,S1,0.5922871243242304,0.9315894279634984,0.339302303639268,2.2379364810327593,0.0004525989107361,-0.0002217507287392,False,False,False,0.5503452342372422,-0.072225518200352,1.2253385999288633,0.476624147884096,-0.8306644367063905,-1.2253385999288633,0.0,3.0435738582561807,-0.072225518200352,-0.0329152583909362,-0.4543859649122807,0.3742002063983489,3.0435738582561807,-0.072225518200352,0.6435298036934308,0.0321010191110206,-0.5193689135061016,2.613660091910369,3.0435738582561807,1.0,0.0,1.0,-0.2999999999999999,1,0,0,1,1,0,1,0,1,0,1,0,1,0,0,1,0,1,1,0,0,1,7,4,3,0.402097078842432,0.6771948099074834,-0.07393828439272532,-6.067181726184324e-05,2.9726142446665672e-05,7.305182882545894e-05,opposite_sign_council_search_k180,0.5922871243242304,0.518348839931505,two_regime_assignment_union_k360
69,489,id03,2024-08-29,S4,0.1582444481046369,0.0147761351184094,-0.1434683129862274,-2.528506825698579,0.0002183340457125,0.0002685213366072,False,False,False,0.5354377744267702,0.0354839615367864,0.1970541401554457,0.2484720615606246,0.8946782845341053,0.1970541401554457,1.0,2.24439008999061,0.0354839615367864,-0.0109917431278535,-0.1515151515151515,0.1414141414141414,2.24439008999061,0.0354839615367864,1.7703416756622836,4.364609334355021,0.4455438439469832,-0.3269730085286665,2.24439008999061,1.0,1.0,0.0,0.30000000000000004,1,0,1,0,1,0,1,0,0,1,0,1,1,0,1,0,1,0,1,0,0,1,8,3,5,0.30310915752976714,0.5803678968061373,0.044157586765188744,-2.590470116515097e-05,-3.1859277643012674e-05,7.299134376369121e-05,opposite_sign_council_search_k180,0.1582444481046369,0.20240203486982564,two_regime_assignment_union_k360
128,901,id06,2024-07-07,S3,0.943288215103557,0.99999,0.056701784896443,8.701525628246284,0.0009702574535038,0.0026157909099276,False,False,False,0.5198356247137551,-0.0326056272260864,-0.4757228478276549,0.7998272270783109,3.1425549179257457,0.4757228478276549,1.0,2.385626404448693,-0.069473648364325,-0.038352344942958,0.0416666666666666,0.0388888888888888,2.601814704109313,-0.0326056272260864,0.6234916725191179,1.055578930211036,0.5227115938627057,-0.2407904254510064,2.385626404448693,1.0,1.0,0.0,-0.2999999999999994,1,0,1,0,0,1,1,0,1,0,0,1,1,0,0,1,0,1,0,1,1,0,6,5,1,0.2867002116034618,0.7120966668691238,-0.018351772580067482,-3.345128756574228e-05,-9.018387194435718e-05,7.251289339360873e-05,opposite_sign_council_search_k180,0.943288215103557,0.9249364425234895,two_regime_assignment_union_k360
237,1662,id10,2024-08-20,S1,0.6611860135143813,0.2824321619110995,-0.3787538516032818,-1.6010130722896672,0.0001883102735302,-5.720994474012443e-05,False,False,False,0.3501316861500491,0.1349900538227109,-0.9813044693701636,0.2520958793660207,-1.644193779498097,-0.9813044693701636,0.0,1.2889299571589026,0.1349900538227109,0.0756981233510314,0.195151515151515,0.1241873278236914,1.2889299571589026,0.1349900538227109,0.8106398607227858,0.8293353965787192,0.968346874934478,1.1574857197327053,1.2889299571589026,1.0,1.0,1.0,0.29999999999999993,1,0,0,1,0,1,1,0,1,0,1,0,1,0,1,0,1,0,1,0,1,0,9,2,7,0.46330101639324667,0.5447451744653379,0.06365114914419745,-3.528583434879955e-05,1.0720077005674863e-05,7.227733079623425e-05,opposite_sign_council_search_k180,0.6611860135143813,0.7248371626585788,two_regime_assignment_union_k360
210,1474,id09,2024-08-15,S2,0.7966458820509952,0.5829803051332781,-0.213665576917717,-1.0304414304773168,-0.0002165331475953,-6.28018706404435e-05,True,False,False,0.1577632570544791,-0.012101122639624,0.5582852082999918,0.6552352665813233,0.6946351646460527,-0.5582852082999918,0.0,2.2229818819546665,0.0481800788871,0.0661932678493977,0.2195121951219512,0.1463414634146341,2.9741365979811363,-0.012101122639624,-0.5309451536794347,-1.3609966917433134,0.1872865351384186,-0.9922546987935528,2.2229818819546665,0.0,1.0,0.0,-0.2999999999999998,1,0,0,1,1,0,0,1,0,1,0,1,1,0,1,0,1,0,0,1,1,0,6,5,1,0.33400710889318863,0.6409332513747908,-0.05291304329286195,-6.304088942591907e-05,-1.8283970961266366e-05,7.212623053673794e-05,subject_threshold_council_balanced_k180,0.7966458820509952,0.7437328387581332,two_regime_assignment_union_k360
10,75,id01,2024-08-13,S3,0.8812128441878617,0.99999,0.1187771558121383,9.508949559335012,0.0004746303566756,0.0019498812687618,False,False,False,0.5415620045342484,-0.0613502684743919,-0.3556638749724858,0.1152865616440772,0.1391887190230991,0.3556638749724858,1.0,0.3188550701595455,-0.0613502684743919,-0.0007160755210077,0.1463414634146341,0.1078305519897304,0.3188550701595455,-0.0613502684743919,-0.5214026066266289,-0.6757469063789067,0.0545339055435358,-0.720187965403194,0.3188550701595455,0.0,1.0,0.0,-0.30000000000000027,1,0,1,0,0,1,1,0,1,0,0,1,1,0,1,0,1,0,0,1,1,0,8,3,5,0.2501504381028562,0.16738048575770853,-0.03516084871962688,-1.4974220455602184e-05,-6.151724509404724e-05,7.207282528307938e-05,opposite_sign_council_search_k180,0.8812128441878617,0.8460519954682348,two_regime_assignment_union_k360
202,1418,id09,2024-08-07,S2,0.8567752165619527,0.7103281973926886,-0.146447019169264,-0.8917817387610572,8.42403963884915e-05,-4.6620484828553184e-05,False,False,False,0.261584654101931,0.1496177943994407,0.437501045317487,0.9577500047345452,3.4550066447418137,0.437501045317487,1.0,2.1056525394864303,0.1496177943994407,0.5562811954480107,0.2195121951219512,0.1920731707317073,2.1056525394864303,0.1496177943994407,0.515400811088636,0.5262178485064758,0.6343048000934625,0.5662605349135984,2.1056525394864303,1.0,1.0,1.0,0.2999999999999996,1,0,1,0,1,0,1,0,1,0,1,0,1,0,1,0,1,0,1,0,1,0,11,0,11,0.36547145635800554,0.7183508425603593,0.033030712078127134,-2.8338906055261572e-05,1.568337278132286e-05,7.126005421202681e-05,opposite_sign_council_search_k180,0.8567752165619527,0.8898059286400797,two_regime_assignment_union_k360
28,202,id02,2024-08-27,S4,0.7206945558895387,0.9462167767514676,0.2255222208619288,1.9196006674544412,-0.0001142442203918,-0.0002146870584498,True,False,False,0.5251495540531427,0.15179181437971,0.0357923682766376,0.1149104771528144,-0.1785576477732284,0.0357923682766376,1.0,1.1703965577631652,0.15179181437971,0.0129792511966639,0.1323529411764705,0.1158088235294117,1.1703965577631652,0.15179181437971,-0.2660748581829827,-1.3626987637699042,0.383557720218925,0.6872547204972425,1.1703965577631652,0.0,1.0,1.0,0.2999999999999998,1,0,1,0,1,0,1,0,1,0,1,0,1,0,0,1,0,1,1,0,1,0,9,2,7,0.25154755170041115,0.3358338952235608,0.05624321012357614,-1.7854372890483704e-05,-3.355183118390831e-05,7.125369600292461e-05,subject_threshold_council_balanced_k180,0.7206945558895387,0.7769377660131148,two_regime_assignment_union_k360
142,999,id06,2024-08-12,S3,0.945017005587608,0.99999,0.054972994412392,8.668736487182798,-0.0013364547831623,-0.0017637837585703,True,False,False,0.5192305480443372,0.0865508161135871,-0.4152035789436841,0.7065188171308536,0.5273440284497436,-0.4152035789436841,0.0,0.4679209317784992,0.0865508161135871,0.0273635981909561,0.0416666666666666,0.0388888888888888,0.4679209317784992,0.0865508161135871,-0.4554579990938573,-0.6881522719011743,-0.3424826069842996,0.1408658684915112,0.4679209317784992,0.0,0.0,1.0,0.3000000000000007,1,0,0,1,0,1,1,0,1,0,1,0,1,0,0,1,0,1,0,1,1,0,6,5,1,0.23696106000020548,0.3400997776664847,0.013661738027636705,-4.625085046033048e-05,-6.103947540145801e-05,7.068723140068733e-05,subject_threshold_council_balanced_k180,0.945017005587608,0.9586787436152447,two_regime_assignment_union_k360
33,237,id02,2024-09-01,S4,0.7067423805588384,0.99999,0.2932476194411616,10.633300719311013,0.0012664240630011,0.0001014796237522,False,False,False,0.6026266668044066,-0.019188539963261,0.0247554373710875,0.1942421056832552,0.158180855018835,-0.0247554373710875,0.0,1.79265217818566,-0.019188539963261,-0.0125948404778467,-0.1617647058823529,0.1078431372549019,1.79265217818566,-0.019188539963261,-0.3205620402639416,-2.311508393952808,0.9677297017228756,0.7923395401451389,1.79265217818566,0.0,1.0,1.0,-0.29999999999999993,1,0,0,1,1,0,1,0,1,0,1,0,1,0,1,0,1,0,0,1,0,1,8,3,5,0.2707289979238121,0.4335725891771777,-0.06576362607008612,-3.5729942087537894e-05,-2.8630702666372687e-06,6.96671910849787e-05,opposite_sign_council_search_k180,0.7067423805588384,0.6409787544887523,two_regime_assignment_union_k360
188,1322,id08,2024-08-10,S4,0.479359101039086,0.7316435601504879,0.2522844591114019,1.0855879045227572,6.0518212662186505e-05,0.0004717104204808,False,False,False,0.3199431208394785,-0.0936945661771908,0.469722543435273,0.0482060729462839,-1.07434626277296,-0.469722543435273,0.0,1.9453529587545535,-0.1463180712278858,-0.2052489609742439,-0.3214285714285713,0.2812499999999999,3.1933454715515888,-0.0936945661771908,1.564940059539749,1.4773068828666946,2.371622377837186,1.3627999896622904,1.9453529587545535,1.0,1.0,1.0,-0.29999999999999977,1,0,0,1,1,0,1,0,1,0,1,0,1,0,0,1,0,1,0,1,0,1,6,5,1,0.49074893546648196,0.5971367259270061,-0.07386168109712982,-1.6724084455083705e-05,-0.00013035621118720584,6.956325376920529e-05,opposite_sign_council_search_k180,0.479359101039086,0.4054974199419562,two_regime_assignment_union_k360
128,902,id06,2024-07-07,S4,0.9096394225113548,0.9922081851325254,0.0825687626211706,2.5376189431280833,6.092865410746804e-05,0.0006318134969895,False,False,False,0.5211072520499351,-0.0759040098583825,-0.2644680355323938,0.2771102462516048,0.9158379093874424,0.2644680355323938,1.0,1.6730313501678165,-0.0671190659440352,0.037372591597049,0.1458333333333333,0.1361111111111111,2.4647023865857194,-0.0759040098583825,-0.4748764012644939,-0.1286215021405788,-1.4027655540661763,-0.3066725320057775,1.6730313501678165,0.0,0.0,0.0,-0.2999999999999994,1,0,1,0,0,1,1,0,0,1,0,1,1,0,1,0,1,0,1,0,1,0,8,3,5,0.2428219538157011,0.5411336788528066,-0.02787559140085638,-7.2030500409603005e-06,-7.469366100460354e-05,6.888142931589293e-05,opposite_sign_council_search_k180,0.9096394225113548,0.8817638311104984,two_regime_assignment_union_k360
106,745,id04,2024-10-30,S1,0.8218732454226019,0.9745379941629344,0.1526647487403325,2.115685353384934,0.0004953467651128,-2.7273581132631985e-06,False,False,False,0.5279706562220507,,,,,,,,-0.0261800128993745,0.0440670773316474,-0.063157894736842,0.0374489164086687,2.6100170828255185,,,,,,,,,,-0.30000000000000004,0,0,0,0,0,0,1,0,0,1,1,0,0,0,0,0,0,0,0,0,0,0,2,1,1,0.012116969030882201,0.12348670933650632,-0.04821384566112841,-7.023919189879213e-05,3.8673398795803485e-07,6.885628299358932e-05,opposite_sign_council_search_k180,0.8218732454226019,0.7736593997614735,two_regime_assignment_union_k360
79,559,id03,2024-10-10,S4,0.1829068746953628,1e-05,-0.1828968746953627,-10.01613953396617,0.0005115015993766,0.000793301548302,False,False,False,0.5640039061433769,0.0409843227372104,0.1019778829447524,0.3279685497317972,0.9734270026726544,0.1019778829447524,1.0,2.29506269015302,0.0409843227372104,-0.0274753809576984,0.0109090909090908,0.0026820399113082,2.29506269015302,0.0409843227372104,1.0997823429024915,1.379306618883048,1.3266012467259447,0.2533499470056558,2.29506269015302,1.0,1.0,1.0,0.30000000000000004,1,0,1,0,1,0,1,0,0,1,1,0,1,0,1,0,1,0,1,0,1,0,10,1,9,0.2874737259742288,0.5997334378115238,0.04914238223907663,-1.532032169605994e-05,-2.3760697790157097e-05,6.81362939199611e-05,opposite_sign_council_search_k180,0.1829068746953628,0.23204925693443942,two_regime_assignment_union_k360
192,1347,id08,2024-09-05,S1,0.1333348089171182,0.2762528700059766,0.1429180610888584,0.9086639860128212,0.0001392703076757,6.210820235969611e-08,False,False,False,0.2737684513751238,-0.0692135568140309,1.9570809729515923,0.3004029450822199,-2.768720301091379,-1.9570809729515923,0.0,2.9834129541849053,-0.0692135568140309,-0.0427652186744587,-0.4464285714285714,0.4166666666666667,2.9834129541849053,-0.0692135568140309,1.297088737559476,1.7116900361059155,-0.2712732707491802,2.5689617407807086,2.9834129541849053,1.0,0.0,1.0,-0.30000000000000004,1,0,0,1,1,0,1,0,1,0,1,0,1,0,0,1,0,1,1,0,0,1,7,4,3,0.5128822804628868,0.7216828037304227,-0.031022240072700297,-4.598079482171639e-05,-2.0505336400166226e-08,6.793916972078434e-05,opposite_sign_council_search_k180,0.1333348089171182,0.10231256884441792,two_regime_assignment_union_k360
68,479,id03,2024-08-28,S1,0.9407011355539244,0.9793293251247196,0.0386281895707952,1.0941166225129555,3.703776070349436e-05,0.0003252262173291,False,False,False,0.492849191474498,-0.036868562617665,-0.4608574634471059,0.7991004693779511,2.984150556305325,0.4608574634471059,1.0,2.0066999746721317,-0.0796667626352772,0.0175239768717419,0.0389610389610388,0.034090909090909,2.128003889064145,-0.036868562617665,-0.0145247561532273,-1.1964546067334672,1.1419560862341795,-0.1575736862157126,2.0066999746721317,0.0,1.0,0.0,-0.30000000000000115,1,0,1,0,0,1,1,0,0,1,0,1,1,0,1,0,1,0,0,1,1,0,7,4,3,0.26269811961016026,0.6755189186638247,-0.019119347739084858,-1.0155524541367419e-05,-8.91750140626356e-05,6.65317919907079e-05,opposite_sign_council_search_k180,0.9407011355539244,0.9215817878148396,two_regime_assignment_union_k360
18,129,id01,2024-09-07,S1,0.9637143816328956,0.8285392550611991,-0.1351751265716965,-1.7040636228571848,0.0002131219627715,0.0001107716579785,False,True,False,0.3758505493612928,0.0646554606591086,-2.540366763833221,0.1889603908104431,-4.385737902858642,-2.540366763833221,0.0,2.4614229839854382,0.2498522981116281,-0.0213476450818009,0.0234146341463414,0.0118009756097561,2.6129706696344916,0.0646554606591086,0.4115019901119022,0.755138741290432,-0.2226738493737973,0.1928035754102827,2.4614229839854382,1.0,0.0,1.0,0.29999999999999805,1,0,0,1,0,1,1,0,0,1,1,0,1,0,1,0,1,0,0,1,1,0,7,4,3,0.348311300364252,0.6439019607813317,0.009149366319410435,-3.752007141861269e-05,-1.9501324333088837e-05,6.644252493637697e-05,opposite_sign_council_search_k180,0.9637143816328956,0.972863747952306,two_regime_assignment_union_k360
86,605,id04,2024-09-19,S1,0.5868808062671268,0.7177454180109917,0.1308646117438648,0.5822199110197093,5.140663120211573e-05,1.0098612750267972e-05,False,False,False,0.2635480321213443,-0.0690701092436972,0.613295720850758,0.1577614777838425,-0.8870367334393543,-0.613295720850758,0.0,2.3183598256016373,-0.0690701092436972,-0.0075434916629121,0.1456140350877192,0.1359064327485379,2.3183598256016373,-0.0690701092436972,-0.481601687779198,-0.5169780074872423,-0.8652716785835887,-0.7566659743701571,2.3183598256016373,0.0,0.0,0.0,-0.30000000000000016,1,0,0,1,1,0,1,0,1,0,0,1,1,0,1,0,1,0,1,0,1,0,9,2,7,0.3375333214645084,0.577149328803061,-0.07411218618070903,-2.648825481358823e-05,-5.203504324979768e-06,6.620389104341841e-05,opposite_sign_council_search_k180,0.5868808062671268,0.5127686200864178,two_regime_assignment_union_k360
1,13,id01,2024-08-01,S4,0.3729978985430439,0.3104935113853697,-0.0625043871576741,-0.2784359974138864,-4.891893316735374e-05,9.082201585604363e-06,False,False,False,0.2113830241198162,-0.0306171854965901,0.7328257525419914,0.2622388101732155,-0.7862498366762873,-0.7328257525419914,0.0,2.3466338255415327,-0.0306171854965901,0.0030080935627567,0.3621951219512195,0.2982783357245337,2.3466338255415327,-0.0306171854965901,-0.0488629948797972,-0.5121544203756185,0.7892858075086778,-1.0797080762164102,2.3466338255415327,0.0,1.0,0.0,-0.27843599741388647,1,0,0,1,1,0,1,0,0,1,0,1,1,0,1,0,1,0,0,1,1,0,7,4,3,0.33300913836747303,0.5875629487772839,-0.06250438715767415,-4.891893316735374e-05,9.082201585604363e-06,6.609811955041199e-05,subject_threshold_council_balanced_k180,0.3729978985430439,0.31049351138536974,two_regime_assignment_union_k360
3,25,id01,2024-08-03,S2,0.5721461430128739,0.6065435210489054,0.0343973780360314,0.1421932497559866,2.9307787510592083e-05,1.467357074635066e-05,False,False,False,0.1185826033615164,-0.0712500000000002,0.3195850723881885,0.2653573579857852,0.0280372584801284,-0.3195850723881885,0.0,2.417276105626013,-0.0712500000000002,-0.0506581307478562,0.1646341463414634,0.1213093709884467,2.417276105626013,-0.0712500000000002,-0.1530011299291521,-0.3050570389432803,0.0073935250114478,-0.7974402945801592,2.417276105626013,0.0,1.0,0.0,-0.14219324975598668,1,0,0,1,1,0,1,0,1,0,0,1,1,0,1,0,1,0,0,1,1,0,8,3,5,0.19665259954695394,0.4623812962642182,-0.0351092260595417,-2.9307787510592083e-05,-1.4673570746350661e-05,6.536288745720995e-05,opposite_sign_council_search_k180,0.5721461430128739,0.5370369169533322,two_regime_assignment_union_k360
163,1146,id07,2024-07-25,S3,0.8358944959500607,0.9484461171607272,0.1125516212106665,1.28420458410779,-0.0001724171334968,7.090923197629353e-05,False,False,False,0.4878391845844605,0.1040818335766416,-0.3024174029964124,0.0354010903899608,-1.0582329071864998,-0.3024174029964124,0.0,1.1727688179688314,0.1040818335766416,0.0042274871456802,0.2040816326530612,0.1587301587301587,1.1727688179688314,0.1040818335766416,0.0084752321798703,0.1910974056843577,-0.7166512619849675,0.8847061964815209,1.1727688179688314,1.0,0.0,1.0,0.2999999999999996,1,0,0,1,0,1,1,0,1,0,1,0,1,0,1,0,1,0,0,1,1,0,8,3,5,0.2385973925005217,0.416466529892083,0.03713259804886471,-4.0277959360345255e-05,1.6564938216341466e-05,6.368191559948516e-05,subject_threshold_council_balanced_k180,0.8358944959500607,0.8730270939989254,two_regime_assignment_union_k360
73,517,id03,2024-09-19,S4,0.2086887618042433,1e-05,-0.2086787618042433,-10.180068064279492,-0.0011071547337358,-0.0009957636141499,True,False,False,0.5730275666314851,-0.1885430318524073,-0.0764558174725316,0.313463379627837,0.3739715574395236,0.0764558174725316,1.0,0.7948171811844954,-0.1885430318524073,0.0019160942986813,0.0109090909090908,0.0054981818181818,0.7948171811844954,-0.1885430318524073,-0.4277675746692561,-0.7897179376042234,-0.4382634566627274,0.1753961171577618,0.7948171811844954,0.0,0.0,1.0,-0.30000000000000004,1,0,1,0,0,1,1,0,0,1,0,1,1,0,1,0,1,0,1,0,0,1,7,4,3,0.2156351168458985,0.3254796285723333,-0.04524809264023641,-3.2627131569602446e-05,-2.9344507557194003e-05,6.35564137762081e-05,subject_threshold_council_balanced_k180,0.2086887618042433,0.1634406691640069,two_regime_assignment_union_k360
139,978,id06,2024-07-19,S3,0.999871219669037,0.99999,0.000118780330963,2.5556417876784767,-0.0021533435024219,0.0042331064216656,False,True,False,0.5000315731158371,0.34,-6.586825721411968,0.7650462600948162,-10.218343431337514,-6.586825721411968,0.0,2.6560401321691764,0.34,0.0392403297553919,0.0416666666666666,0.034313725490196,2.857878246655297,0.34,-0.9128503563610928,-2.035550455072012,-1.240889029708649,0.1408658684915112,2.6560401321691764,0.0,0.0,1.0,0.3000000000005034,1,0,0,1,0,1,1,0,1,0,1,0,1,0,0,1,0,1,0,1,1,0,6,5,1,0.5216263943577587,0.776117188524377,3.3374330905000527e-05,-0.0002527752730614421,0.00049691311694172,6.342383170952905e-05,subject_threshold_council_balanced_k180,0.999871219669037,0.999904593999942,two_regime_assignment_union_k360
229,1609,id10,2024-08-06,S4,0.807758447232192,0.8911574904905405,0.0833990432583484,0.6671088045888411,3.330953881829852e-05,6.845266941705651e-05,False,False,False,0.4203471556309625,-0.181906472925052,-0.3317136068468389,0.4106496063427318,1.253717719168499,0.3317136068468389,1.0,1.097640229990012,-0.181906472925052,-0.1893846514348669,0.2133333333333333,0.1756862745098039,1.097640229990012,-0.181906472925052,-0.5938452030599372,-0.3154719951861831,-0.981538125059404,-0.5478421930976998,1.097640229990012,0.0,0.0,0.0,-0.30000000000000004,1,0,1,0,0,1,1,0,1,0,0,1,1,0,1,0,1,0,1,0,1,0,9,2,7,0.33344546334058167,0.4991135717443534,-0.05090405866960246,-1.4979358054865507e-05,-3.078328555080873e-05,6.254965280552985e-05,opposite_sign_council_search_k180,0.807758447232192,0.7568543885625896,two_regime_assignment_union_k360
193,1356,id08,2024-09-07,S3,0.6357154263052837,0.435840186349363,-0.1998752399559206,-0.8148776000450879,-0.0001245557931812,-0.0001128598456968,True,False,False,0.1341161476352092,-0.0316679618922642,0.1681430255339787,0.0584797542894997,-0.3354460812911503,-0.1681430255339787,0.0,2.352936667033965,-0.0316679618922642,-0.0252150900410861,0.1726190476190476,0.1611111111111111,2.352936667033965,-0.0316679618922642,0.5508247307109968,1.2307596172861035,0.5531448559120146,-0.8405360302178209,2.352936667033965,1.0,1.0,0.0,-0.3,1,0,0,1,1,0,1,0,1,0,0,1,1,0,0,1,0,1,0,1,1,0,6,5,1,0.2870148079627716,0.4889898410708686,-0.07186207574403958,-4.585564501012812e-05,-4.154974158965184e-05,6.245406311534689e-05,subject_threshold_council_balanced_k180,0.6357154263052837,0.5638533505612441,two_regime_assignment_union_k360
234,1644,id10,2024-08-17,S4,0.6631950084352114,0.99999,0.3367949915647886,10.835350490435808,-0.000729812633777,-0.0036430191511496,True,False,False,0.6178682470476761,0.0627210118570166,0.2670922919986432,0.2515100859276703,1.0479184789066842,0.2670922919986432,1.0,2.2788836974859223,0.1222901963277836,0.1286661599632904,-0.2266666666666666,0.1269333333333333,2.400186435022583,0.0627210118570166,-0.8421463729613208,-1.4492687147343846,-0.972682965655187,-0.5954806446714125,2.2788836974859223,0.0,0.0,0.0,0.30000000000000027,1,0,1,0,1,0,1,0,1,0,0,1,1,0,0,1,0,1,0,1,0,1,6,5,1,0.36234720693932654,0.6099999308033882,0.06342977851507337,-2.020643359219097e-05,-0.00010086482632099451,6.244157143868978e-05,subject_threshold_council_balanced_k180,0.6631950084352114,0.7266247869502849,two_regime_assignment_union_k360
121,850,id05,2024-11-13,S1,0.1809913980991526,0.2801661419737117,0.0991747438745591,0.5660074396557428,4.410274877174977e-05,4.641266282696108e-05,False,False,False,0.2545450183823839,-0.2124186018864984,1.5294538660306607,0.1107805633294713,-3.0137093286410814,-1.5294538660306607,0.0,1.5708208670991342,-0.2124186018864984,-0.2708355954836051,0.5227272727272727,0.4878787878787878,1.5708208670991342,-0.2124186018864984,-1.152247265873213,-1.2923060933125226,0.0027855911905474,-2.8749902656302067,1.5708208670991342,0.0,1.0,0.0,-0.2999999999999998,1,0,0,1,1,0,1,0,1,0,0,1,1,0,1,0,1,0,0,1,1,0,8,3,5,0.5333976502193877,0.5849894459779696,-0.040310371711683474,-2.337570799347121e-05,-2.4600027972347944e-05,6.227680325185137e-05,opposite_sign_council_search_k180,0.1809913980991526,0.14068102638746913,two_regime_assignment_union_k360
129,908,id06,2024-07-08,S3,0.9302673749700684,0.99999,0.0697226250299316,8.922111706286374,-0.0011877185466848,-0.0014414375350844,True,False,False,0.5243929187604761,0.0691880831764439,-0.2161453124969572,0.7608357697877031,1.7695049737788482,-0.2161453124969572,0.0,2.5417630563531044,0.0691880831764439,-0.0227781544882459,0.0416666666666666,0.0364583333333333,2.5417630563531044,0.0691880831764439,-0.3597142861532579,-1.6215714280614932,0.0973565380121721,0.1408658684915112,2.5417630563531044,0.0,1.0,1.0,0.2999999999999985,1,0,0,1,0,1,1,0,0,1,1,0,1,0,0,1,0,1,1,0,1,0,6,5,1,0.2003762090560883,0.6863100190056,0.01712258212331197,-3.9936236592329046e-05,-4.846736678051707e-05,6.202667849079572e-05,subject_threshold_council_balanced_k180,0.9302673749700684,0.9473899570933804,two_regime_assignment_union_k360
192,1350,id08,2024-09-05,S4,0.3596259141858838,0.9522812878875204,0.5926553737016367,3.570525003933289,0.0005015768166424,-3.737768243735828e-05,False,False,False,0.6597106686830932,-0.1375315756723706,0.0130391912067456,0.99926703080879,2.970540257245554,-0.0130391912067456,0.0,2.818351262976422,-0.1375315756723706,-0.1201107058421918,-0.1071428571428571,0.0999999999999999,2.818351262976422,-0.1375315756723706,0.1379205774920652,0.7484522132678375,-1.41708178684389,0.5971820179419026,2.818351262976422,1.0,0.0,1.0,-0.30000000000000016,1,0,0,1,1,0,1,0,1,0,1,0,1,0,0,1,0,1,1,0,0,1,7,4,3,0.2597880127371345,0.7437660736932726,-0.06582361756791433,-4.214311475958991e-05,3.1405198728071973e-06,6.148056333258677e-05,opposite_sign_council_search_k180,0.3596259141858838,0.2938022966179694,two_regime_assignment_union_k360
119,839,id05,2024-11-07,S4,0.2684896726357726,0.0985562282655804,-0.1699334443701921,-1.2110715497596451,-0.0001151181550718,2.4496757006000827e-05,False,False,False,0.4609204772639867,-0.0285976056801663,0.341740782735891,0.292833325536162,0.3524352275796366,-0.341740782735891,0.0,3.2539845944352113,-0.0285976056801663,-0.4272515568915992,-0.4090909090909091,0.3818181818181818,3.2539845944352113,-0.0285976056801663,-1.339607197883188,-3.264081858021,-2.367049891943435,1.676007341729722,3.2539845944352113,0.0,0.0,1.0,-0.30000000000000004,1,0,0,1,1,0,1,0,1,0,1,0,1,0,1,0,1,0,1,0,0,1,9,2,7,0.48346597542904307,0.6190592667943973,-0.0547113005953975,-2.851643780122246e-05,6.068202248875197e-06,6.11744658504022e-05,subject_threshold_council_balanced_k180,0.2684896726357726,0.21377837204037511,two_regime_assignment_union_k360
46,325,id02,2024-10-03,S1,0.9640369845250508,0.99999,0.0359530154749492,8.224276867814735,-0.000640819883997,-0.000187666883246,True,True,False,0.5125735554162323,0.084757861392597,-0.5895605070753174,0.7531679409794128,0.6882958128706447,-0.5895605070753174,0.0,1.4998136693388409,0.0856547634828394,0.0378899638304562,0.0899999999999999,0.0477473684210526,2.8015071986630535,0.084757861392597,0.2725162501045823,0.3203550457632174,0.0813924031610802,0.5668275656926336,1.4998136693388409,1.0,1.0,1.0,0.3000000000000007,1,0,0,1,0,1,1,0,1,0,1,0,1,0,1,0,1,0,1,0,1,0,9,2,7,0.23739788322092625,0.5768956567024879,0.009070292388902002,-2.3375424768523522e-05,-6.845594558488742e-06,6.0831383267152594e-05,subject_threshold_council_balanced_k180,0.9640369845250508,0.9731072769139528,two_regime_assignment_union_k360
75,531,id03,2024-09-22,S4,0.3380245377891814,1e-05,-0.3380145377891814,-10.840805465674382,-0.0003017825500471,-0.0022262333691629,True,False,False,0.6182950882262135,-0.0810558677318794,-0.714155188021048,0.3365014104742094,1.4814482811519094,0.714155188021048,1.0,0.2991629590541166,-0.0810558677318794,-0.0341321780160236,0.0109090909090908,0.0047810276679841,0.2991629590541166,-0.0810558677318794,-0.9600091933236016,-1.6952455891274143,-0.8412440774303066,0.1753961171577618,0.2991629590541166,0.0,0.0,1.0,-0.29999999999999993,1,0,1,0,0,1,1,0,1,0,0,1,1,0,1,0,1,0,1,0,0,1,8,3,5,0.36849050514985177,0.3490585613155563,-0.06356440335392266,-8.35129504913656e-06,-6.160704689919822e-05,6.076955208076014e-05,subject_threshold_council_balanced_k180,0.3380245377891814,0.27446013443525874,two_regime_assignment_union_k360
152,1069,id07,2024-07-14,S3,0.8550275428828948,0.915394520277394,0.0603669773944992,0.6067661965463429,-7.511492695552713e-05,2.581746146507764e-05,False,False,False,0.4365229623654688,0.1024462248175179,-0.4769633536831241,0.0633499979637965,-1.307274769384085,-0.4769633536831241,0.0,1.1608831575298244,0.1024462248175179,-0.0029267723935419,0.2040816326530612,0.1904761904761905,1.1608831575298244,0.1024462248175179,0.4689535406309433,0.7225380307098912,0.1808189649178135,0.8847061964815209,1.1608831575298244,1.0,1.0,1.0,0.30000000000000093,1,0,0,1,0,1,1,0,0,1,1,0,1,0,1,0,1,0,1,0,1,0,8,3,5,0.3037801374263744,0.44650685023492614,0.03338126754918935,-3.7138651122825195e-05,1.2764782355392403e-05,6.058506786286196e-05,subject_threshold_council_balanced_k180,0.8550275428828948,0.8884088104320842,two_regime_assignment_union_k360
31,222,id02,2024-08-30,S3,0.9367064350927756,0.99999,0.0632835649072244,8.818329198520921,-2.227377496380465e-05,0.0031640567241884,False,False,False,0.5221392477175286,-0.0253051460560484,-0.5863090739657628,0.0434850108213673,1.0817426696889272,0.5863090739657628,1.0,2.462213318424036,-0.0663396764473144,-0.0256712710078487,0.1041666666666666,0.0767543859649122,2.576606548545102,-0.0253051460560484,0.1664313260855441,1.1269530617068912,-0.9036944352428894,-0.5270326459078949,2.462213318424036,1.0,0.0,0.0,-0.2999999999999998,1,0,1,0,0,1,1,0,1,0,0,1,1,0,0,1,0,1,1,0,1,0,7,4,3,0.3160779851066153,0.5774600596632804,-0.02029288850693589,7.577549373255618e-07,-0.00010764136786997554,6.054085752501397e-05,opposite_sign_council_search_k180,0.9367064350927756,0.9164135465858397,two_regime_assignment_union_k360
149,1048,id06,2024-08-23,S3,0.9751919971702124,0.99999,0.0247980028297876,7.841447389004271,-0.0016562839681747,0.0004564881423965,False,True,False,0.5086693009904257,0.0637571480414679,-1.2419562641142954,0.7059824041229374,-0.3550990831509164,-1.2419562641142954,0.0,2.483963544248813,0.0637571480414679,-0.0216998852221139,0.0299999999999999,0.0167999999999999,2.483963544248813,0.0637571480414679,-0.0777241892073479,-1.2415618873588803,0.6252440964643798,0.0874339873395584,2.483963544248813,0.0,1.0,1.0,0.30000000000000204,1,0,0,1,0,1,1,0,0,1,1,0,1,0,0,1,0,1,1,0,1,0,6,5,1,0.3181976815784103,0.6062618490478917,0.006310849646345096,-6.336651459897396e-05,1.7464434297038972e-05,5.905677639698981e-05,subject_threshold_council_balanced_k180,0.9751919971702124,0.9815028468165575,two_regime_assignment_union_k360
156,1098,id07,2024-07-18,S4,0.5387292386981507,0.3864824832189719,-0.1522467554791788,-0.6173501698303179,7.166158375797566e-05,3.055934377538503e-05,False,False,False,0.1668038811987407,0.0904975389678684,-0.3930013608340851,0.1151711394197386,-0.3895372502975989,-0.3930013608340851,0.0,2.9408862555189983,0.0904975389678684,-0.0999163384322856,0.5306122448979591,0.3909774436090225,2.9408862555189983,0.0904975389678684,0.6754174463520146,-0.4371796934026093,0.547326671400579,2.1101889620560024,2.9408862555189983,0.0,1.0,1.0,0.2999999999999998,1,0,0,1,0,1,1,0,0,1,1,0,1,0,1,0,0,1,1,0,1,0,7,4,3,0.3703151808044098,0.5573140228853768,0.07315225379132806,-3.482379397952002e-05,-1.4850248012623573e-05,5.88617248215308e-05,opposite_sign_council_search_k180,0.5387292386981507,0.6118814924894788,two_regime_assignment_union_k360
183,1287,id08,2024-08-03,S4,0.5536563161409755,0.4227023368134598,-0.1309539793275156,-0.5271446577505883,5.5628915183101526e-05,-1.959865078558426e-06,False,False,False,0.1231315559511706,0.0202852057481027,0.21663609633059,0.0032270955433352,0.524079079549619,0.21663609633059,1.0,3.24054239216273,0.0202852057481027,0.1350719543195746,0.3928571428571429,0.3666666666666667,3.24054239216273,0.0202852057481027,-0.5973226278182773,-2.009567418516583,-1.4419203202936348,1.6180059802357536,3.24054239216273,0.0,0.0,1.0,0.30000000000000016,1,0,1,0,1,0,1,0,1,0,1,0,1,0,0,1,0,1,0,1,1,0,8,3,5,0.3921636889795599,0.5706435881127262,0.07242803623996019,-3.165862407890796e-05,1.1153665600566775e-06,5.873547338545465e-05,opposite_sign_council_search_k180,0.5536563161409755,0.6260843523809357,two_regime_assignment_union_k360
7,54,id01,2024-08-09,S3,0.7965533146411341,0.8558184752395117,0.0592651605983776,0.4160951165937678,-4.457599803223392e-05,2.4669335960808524e-05,False,False,False,0.3765612814489438,0.0466133702807285,0.3361494273556868,0.0625490837978013,0.7223779277543065,0.3361494273556868,1.0,2.6264389208264203,0.0466133702807285,-0.0467740038350456,0.1463414634146341,0.0890774125132555,2.6264389208264203,0.0466133702807285,0.2990290520970856,-0.5011018833953739,0.5705902654589958,0.6202634084436986,2.6264389208264203,0.0,1.0,1.0,0.2999999999999996,1,0,1,0,1,0,1,0,0,1,1,0,1,0,1,0,0,1,1,0,1,0,9,2,7,0.25457877486154873,0.5468309350591953,0.04434003195730496,-3.213880402909408e-05,1.7786319745415138e-05,5.8629804595897426e-05,subject_threshold_council_balanced_k180,0.7965533146411341,0.8408933465984391,two_regime_assignment_union_k360
46,326,id02,2024-10-03,S2,0.9463945978069288,0.99999,0.0535954021930712,8.641905710609034,-0.0012704215264473,0.0007030791643769,False,False,False,0.518748390767575,0.0283864097826279,-0.1559443077623274,0.3171701737550481,0.5845247979041398,-0.1559443077623274,0.0,2.683415918842066,0.0283864097826279,0.0137071015874691,0.0599999999999999,0.0318315789473683,2.683415918842066,0.0283864097826279,0.5765087110422208,1.181641711647137,-0.065373907803026,-9.853094356155583e-17,2.683415918842066,1.0,0.0,0.0,0.2999999999999985,1,0,0,1,0,1,1,0,1,0,1,0,1,0,1,0,1,0,0,1,0,0,7,3,4,0.17104801996238145,0.5607482738638015,0.013334031479798059,-4.410213102259547e-05,2.4407087554097333e-05,5.837241473451425e-05,subject_threshold_council_balanced_k180,0.9463945978069288,0.9597286292867269,two_regime_assignment_union_k360
15,110,id01,2024-09-03,S3,0.8158236710866215,0.99999,0.1841663289133785,10.024610830701574,0.0011376334814142,0.0019506567492671,False,False,False,0.5644482151196826,0.1122598773722624,0.0287268018164805,0.2465571562216728,0.0728466581022393,0.0287268018164805,1.0,0.7715984300091795,0.1122598773722624,-0.0418141787183639,-0.2546341463414634,0.1604195121951219,0.7715984300091795,0.1122598773722624,-0.8322782641587801,-0.7150144997635354,-0.7524652090540139,-1.216154973726544,0.7715984300091795,0.0,0.0,0.0,-0.2999999999999996,0,1,0,1,0,1,0,1,1,0,1,0,0,1,1,0,1,0,1,0,1,0,6,5,1,0.31404656750435245,0.2860300452615386,-0.04938595878912089,-3.4045216336879776e-05,-5.837603420852125e-05,5.7063752816715974e-05,opposite_sign_council_search_k180,0.8158236710866215,0.7664377122975006,two_regime_assignment_union_k360
235,1650,id10,2024-08-18,S3,0.5685620566830427,0.4506923816873132,-0.1178696749957294,-0.473860364986411,3.383527387915845e-05,3.6411470644702255e-05,False,False,False,0.090562004561192,0.1218323575484402,-0.4316226736282005,0.0950112699429871,-1.1771317468552982,-0.4316226736282005,0.0,1.0081323743941102,0.1218323575484402,-0.0143967798822327,0.1151515151515151,0.0671717171717171,1.0081323743941102,0.1218323575484402,0.9405967941221935,1.693861482406775,0.910117708213862,0.477417327695368,1.0081323743941102,1.0,1.0,1.0,0.2999999999999999,1,0,0,1,0,1,1,0,0,1,1,0,1,0,1,0,1,0,1,0,1,0,8,3,5,0.3765080554184864,0.4368656841720445,0.07158138636529687,-2.1421040698431533e-05,-2.3052025449995012e-05,5.657316650062244e-05,opposite_sign_council_search_k180,0.5685620566830427,0.6401434430483396,two_regime_assignment_union_k360
29,207,id02,2024-08-28,S2,0.9661782483235116,0.99999,0.0338117516764884,8.160671261890283,-0.0010934264701791,0.000157082433659,False,True,False,0.511824113086771,0.0315682794379043,-1.4079549107962337,0.4536059805601071,-1.3334910571953291,-1.4079549107962337,0.0,2.783709959316979,0.1230717686127581,0.0224945836814559,0.0833333333333333,0.0686274509803921,2.822598590870865,0.0315682794379043,0.145599366220293,-0.036047596855028,-0.107715668974051,0.0828321985322136,2.783709959316979,0.0,0.0,1.0,0.29999999999999893,1,0,0,1,0,1,1,0,1,0,1,0,1,0,1,0,0,1,0,1,1,0,7,4,3,0.22144318405574454,0.6537693091436445,0.008544400983573452,-4.019619594108662e-05,5.774614438614968e-06,5.6250612937810064e-05,subject_threshold_council_balanced_k180,0.9661782483235116,0.9747226493070851,two_regime_assignment_union_k360
190,1335,id08,2024-08-13,S3,0.6181145205664608,0.6947923045481721,0.0766777839817113,0.3410674679287952,4.161828613701003e-05,5.146872595812922e-05,False,False,False,0.221629528941771,-0.1151837335873231,0.1581391854451411,0.0267867709836112,-0.4107314745500714,-0.1581391854451411,0.0,2.3588691399281676,-0.1151837335873231,-0.01199558048042,0.0892857142857143,0.0833333333333333,2.3588691399281676,-0.1151837335873231,0.1806872680972123,0.1266903579866453,0.3205098435460963,-0.4588797362753026,2.3588691399281676,1.0,1.0,0.0,-0.30000000000000016,1,0,0,1,1,0,1,0,1,0,0,1,1,0,0,1,0,1,0,1,1,0,6,5,1,0.1638768176571327,0.46712856323772406,-0.07285053872150993,-3.660708515216589e-05,-4.527144696973068e-05,5.4717135728434397e-05,opposite_sign_council_search_k180,0.6181145205664608,0.5452639818449508,two_regime_assignment_union_k360
79,556,id03,2024-10-10,S1,0.8106394952608882,0.7886840247558642,-0.021955470505024,-0.1371595670822776,-3.490497960856331e-05,5.000428307885203e-06,False,False,False,0.2963684394326226,-0.0688651841432222,0.1611649971581696,0.1112584061766781,-0.1943763153520038,-0.1611649971581696,0.0,2.2573552871205265,-0.0688651841432222,0.0366210259849116,0.0109090909090908,0.0026820399113081,2.2573552871205265,-0.0688651841432222,-0.0273436157885427,-0.1132660763452484,-0.4407708527876363,0.0,2.2573552871205265,0.0,0.0,0.0,-0.1371595670822776,1,0,0,1,1,0,1,0,0,1,0,1,1,0,1,0,1,0,1,0,0,0,7,3,4,0.10252318376630315,0.42986288070122053,-0.021955470505024,-3.490497960856331e-05,5.000428307885203e-06,5.460811414519679e-05,subject_threshold_council_balanced_k180,0.8106394952608882,0.7886840247558642,two_regime_assignment_union_k360
203,1424,id09,2024-08-08,S1,0.2961012735142818,0.1057398549231233,-0.1903614185911585,-1.2690818887438224,-9.777032220737876e-05,-5.6260829513734794e-05,True,False,False,0.4608866415837821,-0.07125,1.2338041232232708,0.1227487098623624,-1.9789558999856272,-1.2338041232232708,0.0,2.8714465160245397,-0.07125,0.2339347521513831,-0.5609756097560976,0.4619799139167863,2.8714465160245397,-0.07125,-0.0831750935591786,-1.5548715792030456,-1.4679450258529445,3.2123965225982016,2.8714465160245397,0.0,0.0,1.0,-0.29999999999999993,1,0,0,1,1,0,1,0,0,1,1,0,1,0,1,0,1,0,1,0,0,1,8,3,5,0.5029749917109618,0.6794873408476342,-0.0585103652106298,-2.311205992486937e-05,-1.3299574285806773e-05,5.415301371614401e-05,subject_threshold_council_balanced_k180,0.2961012735142818,0.23759090830365198,two_regime_assignment_union_k360
94,664,id04,2024-10-15,S4,0.6210667210297325,0.6838355479828143,0.0627688269530818,0.2773765930147817,1.3001672911086315e-05,3.872543942302496e-05,False,False,False,0.2058046374163929,-0.1089152615041215,-0.1370121818595024,0.3219748711116499,0.7063387380773326,0.1370121818595024,1.0,1.3630137823489965,-0.1089152615041215,-0.0712634710705153,0.4912280701754385,0.4584795321637426,1.3630137823489965,-0.1089152615041215,-0.2635499896306645,0.4689079703852469,-0.2019260794060456,-1.5407278153708763,1.3630137823489965,1.0,0.0,0.0,-0.27737659301478146,1,0,1,0,0,1,1,0,1,0,0,1,1,0,1,0,0,1,1,0,1,0,8,3,5,0.26641034048210765,0.4726820688963843,-0.06710229027340353,-1.3001672911086307e-05,-3.872543942302493e-05,5.256251058140416e-05,opposite_sign_council_search_k180,0.6210667210297325,0.553964430756329,two_regime_assignment_union_k360
17,123,id01,2024-09-05,S2,0.7084335074084024,0.5473546910635091,-0.1610788163448933,-0.6977999344883883,-7.307487011230137e-05,-0.0001270807311479,True,False,False,0.1037322767842217,-0.0913604321167882,-0.630458363579829,0.0875107296807198,0.8812801783119509,0.630458363579829,1.0,1.227211469606725,-0.0913604321167882,-0.1791937464818395,-0.0614634146341462,0.0344195121951219,1.227211469606725,-0.0913604321167882,0.154986693731089,0.1952182987078468,0.472554242262592,0.0051950507790237,1.227211469606725,1.0,1.0,1.0,-0.29999999999999993,1,0,1,0,0,1,1,0,1,0,1,0,1,0,0,1,0,1,0,1,0,1,6,5,1,0.22006653607138105,0.4177866201430165,-0.06557603042891891,-3.1416542120720425e-05,-5.463488524448059e-05,5.245911437219625e-05,subject_threshold_council_balanced_k180,0.7084335074084024,0.6428574769794835,two_regime_assignment_union_k360
124,874,id05,2024-11-17,S4,0.3372995830180934,0.4518351073518136,0.1145355243337202,0.4820926883286259,-2.583900007490396e-05,-5.0757834704846565e-05,True,False,False,0.0882523261649884,0.1302792820903354,0.0423877799283911,0.2652389624246627,0.1574165121605547,0.0423877799283911,1.0,0.7776605197471211,0.1302792820903354,-0.3006108109036946,-0.1745454545454545,0.1099636363636363,0.7776605197471211,0.1302792820903354,0.7772383594387948,1.6534656513671673,1.122136327979229,-0.4092576067014435,0.7776605197471211,1.0,1.0,0.0,0.2999999999999999,1,0,1,0,1,0,1,0,0,1,0,1,1,0,1,0,1,0,1,0,0,1,8,3,5,0.3376941233951316,0.30888199731749183,0.06994895773159154,-1.6079273156673804e-05,-3.158593934341938e-05,5.233241630347843e-05,subject_threshold_council_balanced_k180,0.3372995830180934,0.40724854074968486,two_regime_assignment_union_k360
13,94,id01,2024-08-17,S1,0.8245065451156727,0.6740430395450246,-0.150463505570648,-0.820654715890056,8.25709784503018e-05,3.7038880057810955e-05,False,False,False,0.2267052664947514,0.0389487376404658,-1.329616032902483,0.3324790376730663,-1.521605592802476,-1.329616032902483,0.0,2.8768608422493496,0.0389487376404658,-0.1270760592192721,0.3658536585365853,0.3414634146341463,2.8768608422493496,0.0389487376404658,1.1428149830192325,-0.6040563982033836,2.3130136277479965,2.1163555254338027,2.8768608422493496,0.0,1.0,1.0,0.3000000000000007,1,0,0,1,0,1,1,0,0,1,1,0,1,0,1,0,0,1,1,0,1,0,7,4,3,0.5126487009929437,0.7090412013362363,0.03928950949790655,-3.01847939888147e-05,-1.3539998981535073e-05,5.221659046786046e-05,opposite_sign_council_search_k180,0.8245065451156727,0.8637960546135792,two_regime_assignment_union_k360
218,1532,id09,2024-09-09,S4,0.6945010778681479,0.7739153184820053,0.0794142406138574,0.4093053700813892,1.1822460270342869e-05,4.941974056403885e-05,False,False,False,0.3017103026968554,-0.1029914277372259,-0.495850362827839,0.0194433853158511,0.3770930638206586,0.495850362827839,1.0,1.0994166130396776,-0.1029914277372259,-0.0580172814177223,-0.0614634146341462,0.0326079589216944,1.0994166130396776,-0.1029914277372259,-0.443800139511037,-0.8439224300040682,-0.6214461983402769,0.4339746747019954,1.0994166130396776,0.0,0.0,1.0,-0.29999999999999993,1,0,1,0,0,1,1,0,1,0,1,0,1,0,1,0,1,0,1,0,0,1,9,2,7,0.31003290736679523,0.34946814299380663,-0.06706165909303641,-8.665261539074361e-06,-3.6222154051542396e-05,5.220753022986919e-05,opposite_sign_council_search_k180,0.6945010778681479,0.6274394187751114,two_regime_assignment_union_k360
9,69,id01,2024-08-12,S4,0.4972880481774325,0.4331397688619745,-0.064148279315458,-0.2582043859969187,-2.7799999350097605e-05,-4.038380814769411e-07,True,False,False,0.0893121288984358,-0.1187040743786144,0.1289035756261262,0.1668458261271698,-0.3559140552270993,-0.1289035756261262,0.0,1.1001396848167813,-0.1187040743786144,0.0012920747320201,-0.1878048780487805,0.1314634146341463,1.1001396848167813,-0.1187040743786144,-0.8348613173116644,-2.558621508079032,-0.2309841998698934,0.8853780511992521,1.1001396848167813,0.0,0.0,1.0,-0.25820438599691875,1,0,0,1,1,0,1,0,0,1,1,0,1,0,1,0,1,0,1,0,0,1,8,3,5,0.30954424890828114,0.37276589494864476,-0.06414827931545802,-2.7799999350097605e-05,-4.038380814769411e-07,5.181712494895135e-05,subject_threshold_council_balanced_k180,0.4972880481774325,0.4331397688619745,two_regime_assignment_union_k360
182,1280,id08,2024-08-01,S4,0.5935398706433673,0.8656694100313984,0.2721295393880311,1.484580691844534,-9.310944718017947e-05,-4.1771669890060514e-05,True,False,False,0.4609147488172093,0.0422755991060666,-0.0289739937199245,0.0856735157552909,0.3123159681328112,-0.0289739937199245,0.0,3.246881952720843,0.0422755991060666,0.1296926477321585,0.3928571428571429,0.3666666666666667,3.246881952720843,0.0422755991060666,1.3173465734150906,0.9332819412969392,1.4036490975891551,1.6180059802357536,3.246881952720843,1.0,1.0,1.0,0.3000000000000002,1,0,0,1,0,1,1,0,1,0,1,0,1,0,1,0,1,0,1,0,1,0,9,2,7,0.37238085041399704,0.552767807513629,0.06989043155168173,-1.8815302063068326e-05,-8.441104640427634e-06,5.149237361047498e-05,subject_threshold_council_balanced_k180,0.5935398706433673,0.6634303021950491,two_regime_assignment_union_k360
95,671,id04,2024-10-16,S4,0.6054738760011162,0.5040419828944601,-0.1014318931066561,-0.4121577751468288,3.055441029133999e-05,-1.2097309845567809e-08,False,False,False,0.0395431454817897,0.0200241238268685,-0.1529103161076491,0.2403244230137133,0.4474760799587033,-0.1529103161076491,0.0,2.9510003544722996,0.0200241238268685,0.0338768207674758,0.4912280701754385,0.4298245614035088,2.9510003544722996,0.0200241238268685,0.8579376423409091,0.3645517731868583,0.3726984368009572,1.969473879534294,2.9510003544722996,1.0,1.0,1.0,0.2999999999999999,1,0,0,1,0,1,1,0,1,0,1,0,1,0,1,0,1,0,1,0,1,0,9,2,7,0.29228586915102367,0.570192277840975,0.06896395430338653,-2.223984027509015e-05,8.80534875843956e-09,5.132553064101226e-05,opposite_sign_council_search_k180,0.6054738760011162,0.6744378303045028,two_regime_assignment_union_k360
247,1732,id10,2024-09-25,S1,0.0875821300588912,0.0355268297954494,-0.0520553002634417,-0.9577727412402988,-3.613271712047099e-05,0.0004257475947852,False,False,False,0.4826925252967552,-0.0502273761775577,2.3370027456506097,0.0541062739761988,-4.531005441767175,-2.3370027456506097,0.0,2.1056835147155466,0.1107493792498376,-0.0160668544696388,0.0109090909090908,0.0045818181818181,2.541386605223728,-0.0502273761775577,1.2378923523842418,2.0692455612567513,1.2671119976586718,0.0,2.1056835147155466,1.0,1.0,0.0,0.2999999999999998,0,1,1,0,0,1,1,0,0,1,1,0,0,1,1,0,1,0,1,0,0,0,6,4,2,0.4424656938440071,0.6214655558324234,0.0271265474576214,1.1317731930963e-05,-0.00013335551633071542,5.1097849050183935e-05,opposite_sign_council_search_k180,0.0875821300588912,0.1147086775165126,two_regime_assignment_union_k360
223,1565,id09,2024-09-16,S2,0.8547878646089223,0.8392490467220659,-0.0155388178868564,-0.1200064439104402,-1.9474605245700916e-05,-3.831956970005186e-05,True,False,False,0.3446876329824656,0.0118603599909483,-1.213661042504171,0.709514717356062,-0.3792242608962368,-1.213661042504171,0.0,2.2227243623273027,0.0255505107465081,-0.0054365649669468,-0.3219512195121951,0.1248180112570356,2.4346974481619745,0.0118603599909483,-0.0575145119926658,0.3888472213551896,-0.0433839407596438,-1.3559082533252218,2.2227243623273027,1.0,0.0,0.0,-0.12000644391044024,0,1,1,0,1,0,0,1,1,0,1,0,0,1,1,0,0,1,1,0,1,0,7,4,3,0.3080122215412425,0.5943599636946645,-0.015538817886856404,-1.9474605245700916e-05,-3.831956970005186e-05,5.0357787046492505e-05,subject_threshold_council_balanced_k180,0.8547878646089223,0.8392490467220659,two_regime_assignment_union_k360
165,1160,id07,2024-07-27,S3,0.8668407944956277,0.998679527369249,0.1318387328736213,4.755134321976832,-0.000429603537143,0.0002377520292438,False,False,False,0.5448230838750165,0.0307538840804964,-0.4468483736337028,0.065484958901421,-0.6960301409335641,-0.4468483736337028,0.0,2.781386298517435,0.0307538840804964,0.0057899826308006,0.2040816326530612,0.1785714285714285,2.781386298517435,0.0307538840804964,1.3858873644108711,2.367856392081289,0.543710553250598,0.8847061964815209,2.781386298517435,1.0,1.0,1.0,0.2999999999999996,1,0,0,1,0,1,1,0,1,0,1,0,1,0,1,0,1,0,1,0,1,0,9,2,7,0.3824864495027512,0.5808744455363513,0.030986200116025264,-2.710355847305251e-05,1.4999704307722996e-05,4.9744160392632034e-05,subject_threshold_council_balanced_k180,0.8668407944956277,0.8978269946116529,two_regime_assignment_union_k360
112,790,id05,2024-10-06,S4,0.3653242894407461,0.3016607390687418,-0.0636635503720042,-0.2870732734568437,1.1197034182594036e-05,2.7610205100498188e-05,False,False,False,0.2206215035614597,0.068193692954539,0.2696352613450673,0.0850312884109512,-0.1422710390864564,0.2696352613450673,1.0,0.238840072634148,0.068193692954539,0.0135543293315209,-0.0757575757575758,0.0589225589225589,0.238840072634148,0.068193692954539,0.5435392674288296,1.443719533238139,0.5948711704849108,-0.0562999882234789,0.238840072634148,1.0,1.0,0.0,0.2870732734568434,1,0,1,0,1,0,1,0,1,0,0,1,1,0,1,0,1,0,1,0,0,1,9,2,7,0.2545217059703668,0.14617108982919907,0.06874794714080373,-1.1197034182594023e-05,-2.7610205100498154e-05,4.965169453986059e-05,opposite_sign_council_search_k180,0.3653242894407461,0.4340722365815498,two_regime_assignment_union_k360
215,1509,id09,2024-09-05,S2,0.7965295053838409,0.9339259058412516,0.1373964004574107,1.2838771863490177,9.180875548365612e-05,0.0002785817628035,False,False,False,0.4820146460013454,-0.0531174435673878,-0.8017525420411735,0.7055206998137291,3.568515227350413,0.8017525420411735,1.0,2.669810959917532,-0.0860563970653143,0.0380508903815603,-0.3219512195121951,0.2163512195121951,2.883675567413357,-0.0531174435673878,0.1794441056311417,-1.309548182242575,0.942936121357436,0.9299140894452672,2.669810959917532,0.0,1.0,1.0,-0.2999999999999998,1,0,1,0,0,1,1,0,0,1,1,0,1,0,0,1,1,0,0,1,0,1,6,5,1,0.3981944490381015,0.7430657373029674,-0.05293357847504743,-2.1452695739084075e-05,-6.509542324583141e-05,4.957669438749704e-05,opposite_sign_council_search_k180,0.7965295053838409,0.7435959269087935,two_regime_assignment_union_k360
209,1468,id09,2024-08-14,S3,0.6861445970546598,0.7912032164709887,0.1050586194163288,0.550037385550666,-3.609428046428498e-05,1.99753672456915e-05,False,False,False,0.3279737332667037,0.0515301264438429,0.3186132974292051,0.2183801259521299,1.262208969954021,0.3186132974292051,1.0,2.922183422750214,0.0515301264438429,0.0124487097494315,0.2926829268292683,0.1862527716186253,2.922183422750214,0.0515301264438429,1.3099392152544285,1.4702410869333913,0.9939554481350316,1.290489095367145,2.922183422750214,1.0,1.0,1.0,0.2999999999999996,1,0,1,0,1,0,1,0,1,0,1,0,1,0,1,0,1,0,1,0,1,0,11,0,11,0.4045628217386769,0.6590269253734904,0.06075717404354064,-1.968645118266792e-05,1.089491429334023e-05,4.944318125889372e-05,subject_threshold_council_balanced_k180,0.6861445970546598,0.7469017710982004,two_regime_assignment_union_k360
171,1201,id07,2024-08-20,S2,0.5695757708020971,0.4959414441080588,-0.0736343266940382,-0.2963551002357432,-2.8300347242504123e-05,-6.004962832673743e-05,True,False,False,0.0298305702348545,,,,,,,,-0.0194495591342066,0.0757012315205581,-0.2742857142857143,0.13824,2.765746827555174,,,,,,,,,,-0.2963551002357436,0,0,0,0,0,0,1,0,0,1,1,0,0,0,0,0,0,0,0,0,0,0,2,1,1,0.03296474899333388,0.13067527464147458,-0.0736343266940383,-2.8300347242504153e-05,-6.004962832673749e-05,4.9310711847154594e-05,subject_threshold_council_balanced_k180,0.5695757708020971,0.4959414441080588,two_regime_assignment_union_k360
178,1249,id07,2024-08-29,S1,0.6426696292627648,0.9778407021228448,0.3351710728600801,3.2001195641105378,0.000512732476158,-6.770075752804945e-05,False,False,False,0.5951505776238729,-0.0712500000000005,0.1388802348515518,0.635126284024571,1.5224473902057685,-0.1388802348515518,0.0,2.507710001361058,-0.0712500000000005,-0.0151354963608076,-0.0930612244897959,0.0323467980295566,2.507710001361058,-0.0712500000000005,1.0233608730921406,1.4946385640842468,0.6637947569742295,0.5840231068471263,2.507710001361058,1.0,1.0,1.0,-0.3000000000000003,1,0,0,1,1,0,1,0,1,0,1,0,1,0,0,1,0,1,0,1,0,1,6,5,1,0.30719803966394593,0.6878451246261905,-0.07141544339620876,-4.8066873679509866e-05,6.346708881191449e-06,4.8308430708093755e-05,opposite_sign_council_search_k180,0.6426696292627648,0.5712541858665561,two_regime_assignment_union_k360
127,893,id05,2024-11-20,S2,0.1994058350178482,1e-05,-0.1993958350178482,-10.122903426671858,-0.0008145961598629,0.0004471408319846,False,False,False,0.5697785422562469,-0.195700482991592,0.5907521286082906,0.2993523790280308,-0.8726367789686416,-0.5907521286082906,0.0,0.9637333861748748,-0.1963054673788183,-8.442269380841527e-05,-0.06,0.0318315789473684,0.9638933679649098,-0.195700482991592,-0.8176355173000848,-0.3561056036438786,-2.1187115382015773,9.853094356155583e-17,0.9637333861748748,0.0,0.0,1.0,-0.30000000000000004,1,0,0,1,1,0,1,0,1,0,1,0,1,0,1,0,1,0,1,0,0,0,9,1,8,0.335297164276825,0.435542142110478,-0.043631578034306256,-2.4141181404042403e-05,1.3251361189711592e-05,4.817727842286905e-05,subject_threshold_council_balanced_k180,0.1994058350178482,0.15577425698354194,two_regime_assignment_union_k360
0,5,id01,2024-07-31,S3,0.8508786159626692,0.9992992917768084,0.1484206758141392,5.521209183944166,-0.0003957953021097,0.0001878678020842,False,False,False,0.5512465283117571,0.1756851503649633,0.0032002339208903,0.0188795091427742,-0.5509162124522846,0.0032002339208903,1.0,1.113344365614639,0.1756851503649633,-0.0395946457778958,0.1463414634146341,0.1280487804878048,1.113344365614639,0.1756851503649633,0.4685895323231737,0.5874979831996126,0.5426467492854706,0.6202634084436986,1.113344365614639,1.0,1.0,1.0,0.2999999999999994,1,0,1,0,1,0,1,0,0,1,1,0,1,0,1,0,1,0,1,0,1,0,10,1,9,0.24767564055009775,0.36050143070867485,0.034208203429607176,-2.150590326811447e-05,1.0207970527392648e-05,4.809237835253746e-05,subject_threshold_council_balanced_k180,0.8508786159626692,0.8850868193922764,two_regime_assignment_union_k360
90,633,id04,2024-09-24,S1,0.857895713683301,0.9841648168125116,0.1262691031292107,2.3316377838025337,0.0002971714730196,0.0002125878852857,False,False,False,0.5283590029077354,,,,,,,,-0.0458154425794063,0.0386165626353267,-0.3543859649122807,0.2756335282651072,2.920614287925471,,,,,,,,,,-0.2999999999999998,0,0,0,0,0,0,1,0,0,1,1,0,0,0,0,0,0,0,0,0,0,0,2,1,1,0.03860366186607155,0.13417251853356826,-0.04063146580718091,-3.823554521427468e-05,-2.7352604263309452e-05,4.808201863516939e-05,opposite_sign_council_search_k180,0.857895713683301,0.8172642478761201,two_regime_assignment_union_k360
200,1404,id08,2024-09-20,S2,0.5482209038786083,0.8144921313937137,0.2662712275151053,1.285982487809488,8.480762806434809e-05,0.0002810103442033,False,False,False,0.4076870610240005,-0.0790130943313492,-0.283184640693227,0.5250177319341347,2.007167236117907,0.283184640693227,1.0,2.57074946691601,-0.1240244138621916,0.0094210562625416,-0.197142857142857,0.1168941176470587,2.786166948991778,-0.0790130943313492,0.3577034817539226,-0.4146894115796745,0.8123584476323895,0.4868504730056624,2.57074946691601,0.0,1.0,1.0,-0.3000000000000001,1,0,1,0,0,1,1,0,0,1,1,0,1,0,0,1,1,0,0,1,0,1,6,5,1,0.2631889354242069,0.6800196019914442,-0.07482451113901034,-1.9784319507058163e-05,-6.555540534973532e-05,4.743392813884672e-05,opposite_sign_council_search_k180,0.5482209038786083,0.473396392739598,two_regime_assignment_union_k360
46,328,id02,2024-10-03,S4,0.8204512795390452,0.99999,0.1795387204609548,9.993507529427754,-0.0010168631219036,-0.0005907845254526,True,False,False,0.5628285521613342,0.0317590644951827,-0.682734887965718,0.2619392411368024,-0.6969434331836462,-0.682734887965718,0.0,2.3334839526985376,0.0585365766586247,0.0149576248281759,-0.06,0.0318315789473684,2.5454945218680387,0.0317590644951827,0.3002331442593517,-0.0294171008768927,0.5548497764661143,0.0,2.3334839526985376,0.0,1.0,0.0,0.2999999999999998,1,0,0,1,0,1,1,0,1,0,0,1,1,0,1,0,0,1,1,0,0,0,6,4,2,0.20077463042806432,0.5532609405336066,0.04004378928786623,-3.052571238604439e-05,-1.773505019272821e-05,4.700742994100547e-05,subject_threshold_council_balanced_k180,0.8204512795390452,0.8604950688269114,two_regime_assignment_union_k360
134,944,id06,2024-07-13,S4,0.8823343215048624,0.9994410706218833,0.1171067491170209,5.4742046799195005,-0.0001998528800367,-0.0006371223778168,True,False,False,0.5404284328128406,0.0341476906450945,-0.6999417842247879,0.4528800385343998,-0.071641066222009,-0.6999417842247879,0.0,2.5649890064872025,0.0341476906450945,-0.0713593678675089,0.1458333333333333,0.1276041666666666,2.5649890064872025,0.0341476906450945,1.0557512534439957,1.0091092836583857,1.2406707346614654,0.7354185961691951,2.5649890064872025,1.0,1.0,1.0,0.30000000000000115,1,0,0,1,0,1,1,0,0,1,1,0,1,0,1,0,1,0,1,0,1,0,8,3,5,0.4135048426575537,0.5559266708917754,0.027754806029097412,-1.095243373543713e-05,-3.4915887242249376e-05,4.6686514149832254e-05,subject_threshold_council_balanced_k180,0.8823343215048624,0.9100891275339598,two_regime_assignment_union_k360
121,852,id05,2024-11-13,S3,0.0602490214537012,1e-05,-0.0602390214537012,-8.76578687199937,-0.000619948353758,-0.0002043262599134,True,False,False,0.5210736575087954,-0.2823631883211704,1.3944216328905594,0.493119730468033,-1.852687571580275,-1.3944216328905594,0.0,0.8175675886777638,-0.2823631883211704,0.0041632518238825,0.5303030303030303,0.4949494949494949,0.8175675886777638,-0.2823631883211704,-2.103653001836155,-3.2686503728044354,-0.9369223279166792,-2.4786841490230436,0.8175675886777638,0.0,0.0,0.0,-0.2999999999999998,1,0,0,1,1,0,1,0,0,1,0,1,1,0,1,0,1,0,1,0,1,0,8,3,5,0.6155399950179159,0.5404159604146608,-0.01490741912270526,-2.1217091955715835e-05,-6.992855161679222e-06,4.548065643949444e-05,subject_threshold_council_balanced_k180,0.0602490214537012,0.04534160233099594,two_regime_assignment_union_k360
123,866,id05,2024-11-16,S3,0.1776540378083551,1e-05,-0.177644037808355,-9.98059233104716,0.0006912301204679,-0.000382541924372,False,False,False,0.5621654132329242,0.0790002058669141,0.1824717219567706,0.4959752785820321,1.2100970591876277,0.1824717219567706,1.0,1.036797599230246,0.0790002058669141,-0.0049524937185747,0.1418181818181818,0.0953018181818182,1.036797599230246,0.0790002058669141,0.7333963894147565,0.4109255628267995,1.6685146979702146,0.599547341756974,1.036797599230246,1.0,1.0,1.0,0.2999999999999998,1,0,1,0,1,0,1,0,0,1,1,0,1,0,1,0,1,0,1,0,1,0,10,1,9,0.2932510989787953,0.49064273864240915,0.04812104382527718,-2.0777227369093464e-05,1.1498573782501256e-05,4.500282367008548e-05,opposite_sign_council_search_k180,0.1776540378083551,0.22577508163363227,two_regime_assignment_union_k360
246,1728,id10,2024-09-23,S4,0.4045772831578809,0.6975422689885064,0.2929649858306254,1.2220504020805096,0.0001723469275878,-0.0001221744294316,False,False,False,0.3000800140292252,-0.1165986553551186,1.2382405142015227,0.1586645086067736,-1.9953564924367737,-1.2382405142015227,0.0,2.525281151859137,-0.1165986553551186,-0.0415340202022853,0.12,0.0549818181818181,2.525281151859137,-0.1165986553551186,0.0504649827518715,-0.9086588344134332,0.8875325696616259,-0.2143730320817084,2.525281151859137,0.0,1.0,0.0,-0.3000000000000001,1,0,0,1,1,0,1,0,1,0,0,1,1,0,0,1,1,0,0,1,1,0,7,4,3,0.35375402325439304,0.6351277151983346,-0.06974931396941936,-4.230928461569579e-05,2.9992485389385976e-05,4.49753079288092e-05,opposite_sign_council_search_k180,0.4045772831578809,0.33482796918846147,two_regime_assignment_union_k360
230,1616,id10,2024-08-07,S4,0.7271292295700515,0.5278497214986989,-0.1992795080713526,-0.8685916010775573,-7.948416655962425e-05,-0.0001192980195471,True,False,False,0.0975975493236723,-0.0653204495467635,0.1534657422691902,0.4404244660413121,0.9832884767991156,-0.1534657422691902,0.0,2.7424908700275505,-0.0918398868427478,-0.2949207327379112,0.1733333333333333,0.1348148148148148,2.852084680409692,-0.0653204495467635,0.9898847811051428,0.7291767146841905,2.2152036080448583,-0.4049268383765605,2.7424908700275505,1.0,1.0,0.0,-0.2999999999999997,1,0,0,1,1,0,1,0,1,0,0,1,1,0,0,1,0,1,0,1,1,0,6,5,1,0.338668202887698,0.6581561653794729,-0.06336689582595045,-2.7452775203335278e-05,-4.120395110862069e-05,4.4646863911235104e-05,subject_threshold_council_balanced_k180,0.7271292295700515,0.6637623337441011,two_regime_assignment_union_k360
237,1663,id10,2024-08-20,S2,0.3102224149028117,0.3878098615888941,0.0775874466860823,0.34255195165975,2.492911794207168e-05,4.040603688338617e-06,False,False,False,0.1393457447512347,-0.0262322194932303,-0.1195573522954441,0.3590212618987202,1.2696970758112158,0.1195573522954441,1.0,2.7943458334532325,-0.0262322194932303,-0.0325322657911321,-0.3636363636363636,0.2314049586776859,2.7943458334532325,-0.0262322194932303,0.1099246448639789,-0.1900003535243214,-0.7433342232969288,1.0778943237568557,2.7943458334532325,0.0,0.0,1.0,-0.2999999999999995,1,0,1,0,0,1,1,0,1,0,1,0,1,0,0,1,1,0,1,0,0,1,8,3,5,0.2198542905425766,0.6362309003019991,-0.06031004382481783,-2.1832412124307412e-05,-3.5386781497762955e-06,4.387537016003836e-05,opposite_sign_council_search_k180,0.3102224149028117,0.24991237107799394,two_regime_assignment_union_k360
223,1567,id09,2024-09-16,S4,0.7537116300945597,0.6820907549359444,-0.0716208751586152,-0.3551099850333596,5.065636718228836e-05,3.75441987804976e-07,False,False,False,0.2071580612414597,0.0912080415671168,-0.6628239441551316,0.110842326162734,-1.138376610227594,-0.6628239441551316,0.0,2.2730139446557835,0.0912080415671168,-0.1345020122364695,-0.0614634146341462,0.0238288930581613,2.2730139446557835,0.0912080415671168,0.4593329778467356,0.8032504985990292,0.0787187671206588,-0.0052286105385778,2.2730139446557835,1.0,1.0,0.0,0.3000000000000005,1,0,0,1,0,1,1,0,0,1,0,1,1,0,1,0,1,0,1,0,0,1,6,5,1,0.2552368835737475,0.5640642965460443,0.051392586121099204,-4.279493901941087e-05,-3.1717665255431235e-07,4.382107322563819e-05,opposite_sign_council_search_k180,0.7537116300945597,0.805104216215659,two_regime_assignment_union_k360
3,26,id01,2024-08-03,S3,0.8471588175105197,0.99999,0.1528311824894803,9.800426641263089,-0.0003253178960101,-0.0003085417801715,True,False,False,0.5534809138713181,0.169506183941606,0.2284374114513641,0.1773376428516959,0.3847441755181741,0.2284374114513641,1.0,1.1992673024360931,0.169506183941606,0.0266068856857522,0.1463414634146341,0.1078305519897304,1.1992673024360931,0.169506183941606,0.2885229903826747,0.5338366214308166,0.0076113175759607,0.6202634084436986,1.1992673024360931,1.0,1.0,1.0,0.2999999999999998,1,0,1,0,1,0,1,0,1,0,1,0,1,0,1,0,1,0,1,0,1,0,11,0,11,0.22297324767129406,0.3755227753109391,0.03494328357076826,-9.958277570503754e-06,-9.444745360548147e-06,4.330027285605789e-05,subject_threshold_council_balanced_k180,0.8471588175105197,0.882102101081288,two_regime_assignment_union_k360
132,928,id06,2024-07-11,S2,0.9060132637497244,0.99999,0.0939767362502757,9.24701518768207,-9.0086914597758e-05,-0.0015705964620196,True,False,False,0.5328818576875965,0.0212682649309055,0.232227181962259,0.1002321864065982,0.6652239048240566,0.232227181962259,1.0,2.6999717977380886,0.0212682649309055,0.0349666762891582,0.0833333333333333,0.0648148148148148,2.6999717977380886,0.0212682649309055,-0.1257409841182291,-0.2847789001129493,-0.6668129512296928,0.0828321985322136,2.6999717977380886,0.0,0.0,1.0,0.2999999999999998,1,0,1,0,1,0,1,0,1,0,1,0,1,0,0,1,0,1,0,1,1,0,8,3,5,0.15509977109475953,0.5297782516961218,0.02262121033354736,-2.922680868452423e-06,-5.09547058204839e-05,4.3188253703387556e-05,subject_threshold_council_balanced_k180,0.9060132637497244,0.9286344740832717,two_regime_assignment_union_k360
99,699,id04,2024-10-20,S4,0.5985686092028732,0.536828609832165,-0.0617399993707082,-0.251922794597374,-8.441492525667716e-06,-2.6665467616834112e-05,True,False,False,0.0584376096119128,-0.092914715503972,-0.051333002210332,0.3130801950800579,0.4908587972490495,0.051333002210332,1.0,1.2844323608957915,-0.092914715503972,-0.026602040711463,0.4912280701754385,0.4584795321637426,1.2844323608957915,-0.092914715503972,-0.9435753602699476,-0.2051513265382543,-1.657126609266234,-1.5407278153708763,1.2844323608957915,0.0,0.0,0.0,-0.25192279459737404,1,0,1,0,0,1,1,0,1,0,0,1,1,0,1,0,1,0,1,0,1,0,9,2,7,0.33123275172846206,0.4494563702920015,-0.06173999937070829,-8.441492525667716e-06,-2.6665467616834112e-05,4.3146111792217834e-05,subject_threshold_council_balanced_k180,0.5985686092028732,0.5368286098321648,two_regime_assignment_union_k360
81,573,id04,2024-09-12,S4,0.3868353972318645,0.5517791354570685,0.1649437382252039,0.6684958846450446,9.674657467755568e-05,-1.0892899884534138e-05,False,False,False,0.1095094438358898,-0.1077248005105997,0.014916179950515,0.4808092873641556,1.4967637391496862,-0.014916179950515,0.0,3.1242606452634543,-0.1077248005105997,-0.0376890067923458,-0.3421052631578947,0.3192982456140351,3.1242606452634543,-0.1077248005105997,0.9694968995071648,0.5534739111524554,0.8313303072694812,1.436675407986188,3.1242606452634543,1.0,1.0,1.0,-0.30000000000000004,1,0,0,1,1,0,1,0,1,0,1,0,1,0,0,1,0,1,0,1,0,1,6,5,1,0.3222368688499475,0.6989990177121881,-0.06832679547069354,-4.341683033498066e-05,4.888392046116189e-06,4.288157610137105e-05,opposite_sign_council_search_k180,0.3868353972318645,0.31850860176117096,two_regime_assignment_union_k360
244,1714,id10,2024-09-21,S4,0.8163255342948061,0.8606279227969827,0.0443023885021766,0.3288668624484872,-9.316487521559396e-06,8.822595211659545e-05,False,False,False,0.3761337587727446,-0.18782579267504,-0.5376373053559923,0.2608637459919397,1.0857901738543192,0.5376373053559923,1.0,0.7946236147881711,-0.18782579267504,0.1507817841236256,0.12,0.0604799999999999,0.7946236147881711,-0.18782579267504,-0.2404020523848108,-0.0662249086578449,-0.3699999088829465,-0.2143730320817084,0.7946236147881711,0.0,0.0,0.0,-0.30000000000000027,1,0,1,0,0,1,1,0,0,1,0,1,1,0,1,0,1,0,1,0,1,0,8,3,5,0.24323260337236405,0.3928480475908559,-0.04928981471272065,8.498716579891396e-06,-8.048176528921183e-05,4.2694315328642214e-05,opposite_sign_council_search_k180,0.8163255342948061,0.7670357195820855,two_regime_assignment_union_k360
159,1119,id07,2024-07-21,S4,0.3981060570459766,0.5992746522972638,0.2011685952512872,0.8158065473750514,0.000121165377925,-1.547755094329784e-05,False,False,False,0.1696836606352143,-0.1204276594171163,0.162940883742873,0.127819604681914,-0.1383094504154444,-0.162940883742873,0.0,2.284436482995653,-0.1204276594171163,0.0632688139014142,0.5306122448979591,0.3376623376623376,2.284436482995653,-0.1204276594171163,-0.1445415853302658,0.163438675482771,0.1693490002092894,-1.6814428978925848,2.284436482995653,1.0,1.0,0.0,-0.3,1,0,0,1,1,0,1,0,0,1,0,1,1,0,1,0,0,1,0,1,1,0,6,5,1,0.23981337583262416,0.4563017268307141,-0.0692498488028464,-4.455665806369652e-05,5.691625420180282e-06,4.2551173963587506e-05,opposite_sign_council_search_k180,0.3981060570459766,0.3288562082431302,two_regime_assignment_union_k360
102,718,id04,2024-10-25,S2,0.6455501287256127,0.6781239360370348,0.0325738073114221,0.1456275539270802,2.0390036042135696e-05,2.1317811995372792e-05,False,False,False,0.1895247685960325,-0.0731432580150001,0.0412893079705553,0.2148408651928418,0.5114402064643814,-0.0412893079705553,0.0,2.745048618120478,-0.0731432580150001,9.227698553979658e-05,-0.2017543859649122,0.1765350877192982,2.745048618120478,-0.0731432580150001,0.0677358516366058,-0.1635325063384424,-0.5159691373536323,0.5032211760453267,2.745048618120478,0.0,0.0,1.0,-0.14562755392707982,1,0,0,1,1,0,1,0,0,1,1,0,1,0,0,1,1,0,1,0,0,1,7,4,3,0.15178875830699343,0.5337284710910702,-0.03398204454342846,-2.039003604213563e-05,-2.1317811995372727e-05,4.153158816573082e-05,opposite_sign_council_search_k180,0.6455501287256127,0.6115680841821842,two_regime_assignment_union_k360
56,396,id02,2024-10-14,S2,0.889610424536573,0.99999,0.110379575463427,9.4261475275026,0.0010729454619051,0.0005145583277523,False,False,False,0.5386228514121995,-0.0919056350364973,0.5845895353825385,0.2734622000063478,-0.9766062308722128,-0.5845895353825385,0.0,0.854195194763783,-0.0919056350364973,-0.0165542451063879,0.0599999999999999,0.0201599999999999,0.854195194763783,-0.0919056350364973,0.8763078241945375,1.663485071953523,1.4598932600044887,-0.4259941638799544,0.854195194763783,1.0,1.0,0.0,-0.2999999999999996,1,0,0,1,1,0,1,0,1,0,0,1,1,0,0,1,0,1,0,1,1,0,6,5,1,0.3943873059744126,0.43232478000816515,-0.03307986563655396,-3.4147952557752765e-05,-1.637652051119691e-05,4.145066779886668e-05,opposite_sign_council_search_k180,0.889610424536573,0.8565305589000191,two_regime_assignment_union_k360
206,1448,id09,2024-08-11,S4,0.607805760468041,0.6967334722557617,0.0889277117877206,0.3936927645694876,3.533023211499584e-05,6.531252033484386e-06,False,False,False,0.2278581713814638,-0.0289862917087297,-0.0287867416994439,0.0644709039417331,-0.1195550842870889,0.0287867416994439,1.0,1.8369286042541495,-0.0289862917087297,-0.0680079795436202,0.0616929698708752,0.0431850789096126,1.8369286042541495,-0.0289862917087297,0.3339947052798013,1.774915583355941,-1.222781005450221,-0.0060487847407082,1.8369286042541495,1.0,0.0,0.0,-0.3000000000000002,1,0,1,0,0,1,1,0,1,0,0,1,1,0,0,1,0,1,1,0,1,0,7,4,3,0.21698026188211308,0.3974374087894946,-0.07333599143095892,-2.6922185491747844e-05,-4.976915469066192e-06,4.134241155911306e-05,opposite_sign_council_search_k180,0.607805760468041,0.5344697690370821,two_regime_assignment_union_k360
160,1123,id07,2024-07-22,S1,0.872622498424262,0.9804381141668106,0.1078156157425486,1.9900685415830583,-4.84577454733736e-05,-0.0001758287293032,True,False,False,0.5181735796767026,0.0255285864668823,-1.1463757713473943,0.5830044117276225,-0.4251234834361355,-1.1463757713473943,0.0,2.846655691698176,0.0676300729384788,0.0599049779223978,0.2040816326530612,0.1360544217687074,2.963773271779029,0.0255285864668823,0.5002251516602654,0.0542334188280646,0.1115209937881871,1.2076480660500537,2.846655691698176,1.0,1.0,1.0,0.29999999999999893,1,0,0,1,0,1,1,0,1,0,1,0,1,0,1,0,1,0,1,0,1,0,9,2,7,0.31602811510864537,0.6215387210288834,0.029792255256107847,-7.304936155841089e-06,-2.6505930669608525e-05,4.125618681583577e-05,subject_threshold_council_balanced_k180,0.872622498424262,0.9024147536803698,two_regime_assignment_union_k360
204,1432,id09,2024-08-09,S2,0.8106243997207282,0.5479193691205598,-0.2627050306001683,-1.261804879849706,-3.172707232603193e-05,-0.0003818819346858,True,False,False,0.1398661298306187,,,,,,,,-0.0776786168382797,-0.0341379541176152,0.2195121951219512,0.1707317073170731,2.592759245505828,,,,,,,,,,-0.30000000000000027,0,0,0,0,0,0,1,0,1,0,0,1,0,0,0,0,0,0,0,0,0,0,2,1,1,0.02979095736080276,0.1270643644136595,-0.050370416104085325,-7.543259540209811e-06,-9.079421250882e-05,4.1160482418157504e-05,subject_threshold_council_balanced_k180,0.8106243997207282,0.7602539836166429,two_regime_assignment_union_k360
139,976,id06,2024-07-19,S1,0.9569190076680432,0.99999,0.0430709923319568,8.412278595194252,0.0007115737236442,0.0005583927696524,False,True,False,0.515064847316185,0.0141135885478889,-1.0980773814291749,0.7054907128008585,-0.0579498851038737,-1.0980773814291749,0.0,2.563059349295271,,,,,,0.0141135885478889,-0.4471882757963117,-0.8906809458573399,-1.2225275277943168,0.4123542876547763,2.563059349295271,0.0,0.0,1.0,-0.30000000000000027,0,1,1,0,1,0,0,0,0,0,0,0,0,1,1,0,1,0,1,0,0,1,5,3,2,0.36272935897185316,0.4555411069362876,-0.01420877802833631,-2.537625385055925e-05,-1.9913490619702732e-05,4.109266091961654e-05,opposite_sign_council_search_k180,0.9569190076680432,0.9427102296397069,two_regime_assignment_union_k360
7,55,id01,2024-08-09,S4,0.433144784944163,0.6662269528505053,0.2330821679063422,0.9602009901362878,8.55953823970968e-05,1.2071315406428495e-05,False,False,False,0.247805711617725,-0.025455267983443,0.3619673948359545,0.1417256889465308,-0.5574192550072353,-0.3619673948359545,0.0,2.032423673796805,-0.025455267983443,-0.007687984021116,-0.0378048780487804,0.0230116648992576,2.032423673796805,-0.025455267983443,0.2835901126596738,-0.1596500818834021,0.5642772195784859,0.3494454709949804,2.032423673796805,0.0,1.0,1.0,-0.30000000000000016,1,0,0,1,1,0,1,0,1,0,1,0,1,0,0,1,1,0,0,1,0,1,7,4,3,0.19066138618939094,0.4863167052137747,-0.07168453916444828,-2.674295796704429e-05,-3.7714964461914814e-06,4.07714157976921e-05,opposite_sign_council_search_k180,0.433144784944163,0.3614602457797147,two_regime_assignment_union_k360
115,808,id05,2024-10-14,S1,0.6027643455331176,0.3321188122625469,-0.2706455332705707,-1.11561414614582,-6.48288124509718e-05,-3.604910011195765e-05,True,False,False,0.2626071243821528,-0.0214217663073245,-0.1075549794388115,0.4004134230216122,1.2677130020665992,0.1075549794388115,1.0,2.4839490739303813,-0.0214217663073245,0.1191544155337557,-0.0328282828282828,0.0255331088664421,2.4839490739303813,-0.0214217663073245,-0.5717344505328328,-1.3833691912583903,-0.965515828543748,0.2456820179628731,2.4839490739303813,0.0,0.0,1.0,-0.3,1,0,1,0,0,1,1,0,0,1,1,0,1,0,1,0,1,0,1,0,0,1,8,3,5,0.2559879931685042,0.6335279243716029,-0.07354850791262368,-1.7433127575947247e-05,-9.693969972458309e-06,4.022700623158022e-05,subject_threshold_council_balanced_k180,0.6027643455331176,0.529215837620494,two_regime_assignment_union_k360
240,1686,id10,2024-09-17,S4,0.8535811540146452,0.7805333816432499,-0.0730477723713952,-0.4941919308212519,1.1572513479161428e-05,-0.0001459106839935,False,False,False,0.3061001019732383,-0.0586287490196587,-0.7831128578693347,0.2867092604244448,1.6370102055035591,0.7831128578693347,1.0,0.8208738278364656,-0.0706197762261311,0.081967084629594,0.12,0.0755999999999999,2.466201235301029,-0.0586287490196587,-0.1721237557479053,-0.6562139681079066,0.5536307294707078,-0.2143730320817084,0.8208738278364656,0.0,1.0,0.0,-0.2999999999999998,1,0,1,0,0,1,1,0,0,1,0,1,1,0,1,0,1,0,0,1,1,0,7,4,3,0.2871348892488498,0.49647657279402807,-0.0415947527567172,7.025112769403254e-06,-8.857531349269297e-05,3.9759528660042185e-05,subject_threshold_council_balanced_k180,0.8535811540146452,0.811986401257928,two_regime_assignment_union_k360
16,118,id01,2024-09-04,S4,0.3605393040371446,0.6456761477477693,0.2851368437106246,1.173110908326537,0.0001210187242374,-3.539584169245655e-05,False,False,False,0.2454740430464879,-0.0335959436912378,0.6147743933585467,0.0905403762093483,-1.3921266778753263,-0.6147743933585467,0.0,1.4361249291954756,-0.0335959436912378,0.0042491726135452,0.248780487804878,0.1475121951219512,1.4361249291954756,-0.0335959436912378,-0.3142572671204695,-0.8187710909592617,0.3629186106575473,-0.6744907594765952,1.4361249291954756,0.0,1.0,0.0,-0.30000000000000016,1,0,0,1,1,0,1,0,0,1,0,1,1,0,1,0,1,0,0,1,1,0,7,4,3,0.30528575848258355,0.4957092057721256,-0.06591388138818982,-3.0948154188619794e-05,9.05178907839567e-06,3.967141913888677e-05,opposite_sign_council_search_k180,0.3605393040371446,0.2946254226489548,two_regime_assignment_union_k360
245,1721,id10,2024-09-22,S4,0.6129855221073262,0.7392373171101552,0.126251795002829,0.5821290547648853,5.933396995826333e-05,-1.623158105866032e-05,False,False,False,0.2834254453611453,-0.0178382424611263,0.459297131574951,0.2260291656711813,-0.3817980713204862,-0.459297131574951,0.0,2.339076047904491,-0.0178382424611263,0.1052890480446555,0.12,0.0575999999999999,2.339076047904491,-0.0178382424611263,-0.120400092476194,-1.1102699303569925,0.5797401123855002,-0.2143730320817084,2.339076047904491,0.0,1.0,0.0,-0.30000000000000004,1,0,0,1,1,0,1,0,0,1,0,1,1,0,1,0,1,0,0,1,1,0,7,4,3,0.2540422521133872,0.5167930010607267,-0.07310064159736429,-3.057774017939764e-05,8.364939488486478e-06,3.965639481393337e-05,opposite_sign_council_search_k180,0.6129855221073262,0.5398848805099619,two_regime_assignment_union_k360
59,417,id03,2024-08-17,S2,0.4687731564737775,0.7326289739041011,0.2638558174303236,1.133072248440861,8.189701999925118e-05,-4.495876847645403e-05,False,False,False,0.3249785100047143,-0.1195229416311718,0.2460546985445103,0.0603599226378334,-0.7548634210581572,-0.2460546985445103,0.0,1.5309701800328417,-0.1200595882749119,-0.0359973334975652,-0.5151515151515151,0.4808080808080808,1.5311517038860776,-0.1195229416311718,-0.1367804861645559,-1.0478762428778083,-0.3013790256132515,1.6157657427972023,1.5309701800328417,0.0,0.0,1.0,-0.29999999999999993,1,0,0,1,1,0,1,0,1,0,1,0,1,0,1,0,1,0,1,0,0,1,9,2,7,0.3166580753466071,0.4661008820495901,-0.0734690108589589,-2.1683618174907312e-05,1.190359269807866e-05,3.941495756966211e-05,opposite_sign_council_search_k180,0.4687731564737775,0.3953041456148186,two_regime_assignment_union_k360
164,1154,id07,2024-07-26,S4,0.3773264958983826,0.5373923134454098,0.1600658175470272,0.6507604886386541,8.199996788315871e-05,7.3288483169479234e-06,False,False,False,0.0934153495868693,-0.1334032290612322,0.2207171947093757,0.1575919446297343,-0.0819093130293282,-0.2207171947093757,0.0,2.5069272014669157,-0.1334032290612322,-0.097345802877461,0.5306122448979591,0.4369747899159664,2.5069272014669157,-0.1334032290612322,0.1825477201243411,0.6399546652602726,0.6859660957795504,-1.6814428978925848,2.5069272014669157,1.0,1.0,0.0,-0.30000000000000016,1,0,0,1,1,0,1,0,1,0,0,1,1,0,0,1,0,1,0,1,1,0,6,5,1,0.33536291338269103,0.488661026247878,-0.06749591369654462,-3.780191144734233e-05,-3.37859248290229e-06,3.930009065272948e-05,opposite_sign_council_search_k180,0.3773264958983826,0.30983058220183796,two_regime_assignment_union_k360
243,1705,id10,2024-09-20,S2,0.2887742288788757,0.2188834186146052,-0.0698908102642705,-0.3708404058575978,-2.2426936526454835e-05,1.2411559048947584e-05,False,False,False,0.3055783649778895,-0.0182600570617918,0.3887117677352129,0.0469828038709121,-0.7794787099741094,-0.3887117677352129,0.0,2.375690781205169,-0.0182600570617918,-0.0051014466814239,-0.0218181818181818,0.0115751196172248,2.375690781205169,-0.0182600570617918,-0.4221507463631478,-0.7968016328209798,-0.8151465939268877,-0.1355435975981672,2.375690781205169,0.0,0.0,0.0,-0.30000000000000004,1,0,0,1,1,0,1,0,1,0,1,0,1,0,1,0,1,0,1,0,1,0,10,1,9,0.2445739371549651,0.5318022926206993,-0.05753814985872713,-1.8142793642934436e-05,1.0040620320413741e-05,3.916224187537437e-05,subject_threshold_council_balanced_k180,0.2887742288788757,0.2312360790201486,two_regime_assignment_union_k360
38,271,id02,2024-09-06,S3,0.9359978930336234,0.99999,0.0639921069663767,8.830218243649586,5.727818478574794e-05,0.0026751623505228,False,False,False,0.5223872374382319,-0.0562606687930025,-0.7440820129939683,0.2131469949782372,1.5842574054950251,0.7440820129939683,1.0,1.5434549416259955,-0.0493830889493717,-0.0185139161719624,0.1041666666666666,0.0767543859649122,2.5513412752640647,-0.0562606687930025,0.5930792326264511,1.137591827486695,0.916270347124321,-0.5270326459078949,1.5434549416259955,1.0,1.0,0.0,-0.30000000000000027,1,0,1,0,0,1,1,0,1,0,0,1,1,0,0,1,0,1,0,1,1,0,6,5,1,0.3727459335302372,0.5810078306297738,-0.020499564674951953,-1.9459830959537374e-06,-9.0886621713346e-05,3.8834175713992084e-05,opposite_sign_council_search_k180,0.9359978930336234,0.9154983283586714,two_regime_assignment_union_k360
108,762,id05,2024-09-30,S4,0.3871115025640207,0.1589774830085257,-0.2281340195554949,-1.2063856067658103,-9.726708183644336e-05,-2.3117278721394545e-05,True,False,False,0.4208694238358974,-0.0317051272441026,0.6003018127898794,0.5085563418912542,0.1763896222112297,-0.6003018127898794,0.0,2.2418079849555923,-0.0317051272441026,0.0864432421763447,0.4242424242424242,0.3712121212121212,2.2418079849555923,-0.0317051272441026,-0.6537268872626529,0.735695651153418,-2.4992744631742347,-1.301395881627342,2.2418079849555923,1.0,0.0,0.0,-0.3000000000000002,1,0,0,1,1,0,1,0,0,1,0,1,1,0,1,0,0,1,1,0,1,0,7,4,3,0.4277933847792033,0.5619038893027313,-0.06835021106872957,-2.4188057605529457e-05,-5.748728746035728e-06,3.871239576656124e-05,subject_threshold_council_balanced_k180,0.3871115025640207,0.31876129149529114,two_regime_assignment_union_k360
213,1497,id09,2024-08-19,S4,0.68364025494047,0.5848952072774185,-0.0987450476630514,-0.4276501390139356,1.5194897923155886e-06,-7.92884832811269e-05,False,False,False,0.1194559739594865,0.0182288220991048,-0.325940077635287,0.0997712724741597,-0.9708009713979338,-0.325940077635287,0.0,0.984956566923623,-0.0512129722924672,-0.0301291012919503,-0.4088952654232424,0.3367372774073762,3.0983259225176893,0.0182288220991048,-0.0732528256730548,0.8039964596439347,-0.1180002074052525,-1.2465622654622164,0.984956566923623,1.0,0.0,0.0,-0.29999999999999993,0,1,1,0,1,0,1,0,1,0,1,0,0,1,1,0,0,1,1,0,1,0,8,3,5,0.2581065242222534,0.4592968589774504,-0.06812589459319363,1.0659342675434558e-06,-5.5621506494033775e-05,3.8381979596864296e-05,subject_threshold_council_balanced_k180,0.68364025494047,0.6155143603472764,two_regime_assignment_union_k360
150,1053,id06,2024-08-24,S1,0.9080005243149074,0.8985458821162953,-0.0094546421986121,-0.1082909636510334,-3.74497982801349e-05,1.4331229745080525e-06,False,False,False,0.4018550068858095,-0.0712499999999989,0.4560974337576162,0.0375093107381383,-0.9124637443171024,-0.4560974337576162,0.0,2.44406094121215,-0.0712499999999989,-0.0693467245857132,0.0449999999999999,0.0238736842105262,2.44406094121215,-0.0712499999999989,0.72530503016448,1.5088835119388455,0.2735964679772641,-0.1914957992204843,2.44406094121215,1.0,1.0,0.0,-0.10829096365103341,1,0,0,1,1,0,1,0,1,0,0,1,1,0,0,1,0,1,0,1,1,0,6,5,1,0.2876793806972199,0.5553189291936758,-0.00945464219861214,-3.74497982801349e-05,1.4331229745080525e-06,3.804042555923057e-05,subject_threshold_council_balanced_k180,0.9080005243149074,0.8985458821162953,two_regime_assignment_union_k360
65,459,id03,2024-08-24,S2,0.4372519242529011,0.6043232102084966,0.1670712859555954,0.6758340261639533,4.722624897468283e-05,-2.613604301765208e-05,False,False,False,0.1627981602929549,-0.1213756291614039,0.7330526354923532,0.4201054679653676,-0.5955129743464085,-0.7330526354923532,0.0,1.4947561304197998,-0.1213756291614039,-0.0658144577185409,-0.5151515151515151,0.3606060606060606,1.4947561304197998,-0.1213756291614039,-0.6654485835504717,-1.1483872569580067,-1.9432773221714463,1.6157657427972023,1.4947561304197998,0.0,0.0,1.0,-0.29999999999999977,1,0,0,1,1,0,1,0,1,0,1,0,1,0,1,0,1,0,1,0,0,1,9,2,7,0.49407950692520314,0.5443529436931891,-0.07192619555981339,-2.0963541555937873e-05,1.1601684143960938e-05,3.8035276263848384e-05,opposite_sign_council_search_k180,0.4372519242529011,0.36532572869308777,two_regime_assignment_union_k360
68,481,id03,2024-08-28,S3,0.4965714702836949,0.1210984882416816,-0.3754729820420133,-1.968354344884783,0.0001337621835879,-6.613485818721986e-05,False,False,False,0.5103170554730231,0.0442100914878767,0.0772816775991959,0.1241919656017543,-0.2132899681217936,0.0772816775991959,1.0,0.7524133152741607,0.0442100914878767,-0.0702147111438144,0.5151515151515151,0.4507575757575757,0.7524133152741607,0.0442100914878767,0.0438952528346812,-1.3957506790529193,0.4483992132120875,2.3093675386194543,0.7524133152741607,0.0,1.0,1.0,0.3000000000000004,1,0,1,0,1,0,1,0,0,1,1,0,1,0,1,0,0,1,1,0,1,0,9,2,7,0.28729003538269954,0.2772020811239113,0.07451509004248363,-2.038690603684852e-05,1.0079718373739937e-05,3.782999845337135e-05,opposite_sign_council_search_k180,0.4965714702836949,0.5710865603261785,two_regime_assignment_union_k360
153,1077,id07,2024-07-15,S4,0.3900164080200194,0.3195093427923098,-0.0705070652277095,-0.3087843290581653,-2.647617258778065e-05,1.5228486199683238e-05,False,False,False,0.2051681300373884,-0.0463033413729732,0.405608172697899,0.0809672464630175,-0.7496717681672147,-0.405608172697899,0.0,2.2531925722976074,-0.0463033413729732,0.1862002078973411,0.5306122448979591,0.4642857142857142,2.2531925722976074,-0.0463033413729732,-0.705224888588136,-1.2234661949003949,-0.0210855358575208,-1.6814428978925848,2.2531925722976074,0.0,0.0,0.0,-0.3,1,0,0,1,1,0,1,0,0,1,0,1,1,0,1,0,1,0,1,0,1,0,8,3,5,0.3618809521317481,0.5520831408011962,-0.06859412833325429,-2.5722975646338617e-05,1.479526462317458e-05,3.7609461527672774e-05,subject_threshold_council_balanced_k180,0.3900164080200194,0.3214222796867651,two_regime_assignment_union_k360
86,607,id04,2024-09-19,S3,0.5123759521423337,0.3773081853049052,-0.1350677668374285,-0.5505033176771092,-4.060854463801438e-05,-1.664637172910907e-05,True,False,False,0.1699655330881948,-0.0226002311651127,-0.0113384770520829,0.1377152216141352,0.1246256232140914,0.0113384770520829,1.0,1.999138577528154,-0.0226002311651127,0.0008934792471347,0.3561403508771928,0.3323976608187133,1.999138577528154,-0.0226002311651127,-0.1822022112729527,-0.2299816485490875,0.6454797096367065,-1.6810407557498763,1.999138577528154,0.0,1.0,0.0,-0.29999999999999993,1,0,1,0,0,1,1,0,0,1,0,1,1,0,1,0,1,0,0,1,1,0,7,4,3,0.21281884895536984,0.42631267177020704,-0.0746720897969233,-2.212986370874124e-05,-9.071537551862376e-06,3.676849080417409e-05,subject_threshold_council_balanced_k180,0.5123759521423337,0.43770386234541037,two_regime_assignment_union_k360
134,941,id06,2024-07-13,S1,0.9752621628437338,0.99999,0.0247278371562662,7.838543085296806,0.0012296466708047,-0.0014960545755328,False,True,False,0.5086447430046932,-0.0253700990634867,-0.6738610371521041,0.2924611413736588,1.7855282214349648,0.6738610371521041,1.0,1.8192372908856984,0.1219018678889088,0.0152211378520074,0.0625,0.0546875,2.7796696200532205,-0.0253700990634867,-0.4520890036180609,-0.9282366295495844,-0.4473309192700809,-0.2897969761536667,1.8192372908856984,0.0,0.0,0.0,-0.29999999999999716,1,0,1,0,0,1,0,1,0,1,0,1,1,0,1,0,1,0,1,0,1,0,7,4,3,0.298157576115941,0.6079558370377011,-0.008368225506732219,-4.7061551773999825e-05,5.7257626548194184e-05,3.6599179846914684e-05,opposite_sign_council_search_k180,0.9752621628437338,0.9668939373370016,two_regime_assignment_union_k360
130,916,id06,2024-07-09,S4,0.9088018490295834,0.99999,0.0911881509704166,9.213823004803924,0.0004739731758171,-5.6079087007443166e-06,False,False,False,0.5319058528396459,-0.0652277423135305,-0.5370471426121903,0.0056166001403288,0.5771177151194717,0.5370471426121903,1.0,1.5849258313656822,-0.0652277423135305,-0.0416074969916105,0.1458333333333333,0.1200980392156863,1.5849258313656822,-0.0652277423135305,-0.3827087428252497,-0.6388052455340266,-0.3782051573465617,-0.3066725320057775,1.5849258313656822,0.0,0.0,0.0,-0.2999999999999996,1,0,1,0,0,1,1,0,1,0,0,1,1,0,1,0,1,0,1,0,1,0,9,2,7,0.26827224260457067,0.4336345343650724,-0.028100089852051147,-1.5432459758669084e-05,1.8259224312710733e-07,3.562069961645942e-05,opposite_sign_council_search_k180,0.9088018490295834,0.8807017591775322,two_regime_assignment_union_k360
116,817,id05,2024-10-16,S3,0.1249732574096102,1e-05,-0.1249632574096102,-9.566760789759808,0.0005066423995934,-4.8905641555552065e-05,False,False,False,0.5437271400933635,0.0303251886621188,0.4023994937660833,0.3020715091039936,0.9084425218945132,0.4023994937660833,1.0,0.6560387411574463,0.0396899141926808,0.0237805469287539,-0.1363636363636363,0.1122994652406417,2.460580238485049,0.0303251886621188,0.4483201905624969,0.1796670852094224,2.1109995102215695,-0.6744907594765952,0.6560387411574463,1.0,1.0,0.0,0.30000000000000004,1,0,1,0,1,0,1,0,1,0,0,1,1,0,1,0,1,0,1,0,0,1,9,2,7,0.28917176287159213,0.4446513758773104,0.03665607629643729,-1.5887584441404518e-05,1.5336113015776558e-06,3.548999554246491e-05,opposite_sign_council_search_k180,0.1249732574096102,0.16162933370604748,two_regime_assignment_union_k360
5,40,id01,2024-08-06,S3,0.789998902831536,0.9340466457051266,0.1440477428735906,1.3256598384757932,-4.763800389955759e-05,-1.952790783324892e-05,True,False,False,0.4844633557108834,0.0330687232565421,0.3685515173539617,0.0701182735836887,0.8063094051707056,0.3685515173539617,1.0,2.6256221141489555,0.0330687232565421,-0.0287642164462287,0.1463414634146341,0.0931263858093126,2.6256221141489555,0.0330687232565421,0.614016611574439,0.2623916735700823,0.7074767580783653,0.6202634084436986,2.6256221141489555,1.0,1.0,1.0,0.2999999999999996,1,0,1,0,1,0,1,0,0,1,1,0,1,0,1,0,1,0,1,0,1,0,10,1,9,0.2675057440605338,0.5588531829366513,0.045473473145151266,-1.0780594504770632e-05,-4.419212364998899e-06,3.455188097884719e-05,subject_threshold_council_balanced_k180,0.789998902831536,0.8354723759766872,two_regime_assignment_union_k360
240,1683,id10,2024-09-17,S1,0.4145540466263149,0.4914586164895684,0.0769045698632535,0.3110016562419926,-1.517041538070053e-05,-1.0833937501767308e-05,True,False,False,0.0354579829625702,0.1211326618640869,0.3386521664314702,0.0541062739761988,0.1006568891305369,0.3386521664314702,1.0,0.8492515101529678,0.1211326618640869,-0.0622085306987145,0.0109090909090908,0.0068727272727272,0.8492515101529678,0.1211326618640869,-0.1314918814147675,0.4163709937796687,-0.8465276154128276,0.1225573115011096,0.8492515101529678,1.0,0.0,1.0,0.30000000000000016,1,0,1,0,1,0,1,0,0,1,1,0,1,0,0,1,1,0,0,1,1,0,8,3,5,0.22027469442612826,0.25060189334256083,0.07415524451415656,-1.4633763270601037e-05,-1.0450687915311952e-05,3.43017148175876e-05,subject_threshold_council_balanced_k180,0.4145540466263149,0.48870929114047146,two_regime_assignment_union_k360
205,1441,id09,2024-08-10,S4,0.6149292248806427,0.4722225408538244,-0.1427066840268183,-0.5793043874555049,-3.0641201900987486e-05,-1.248680368775727e-05,True,False,False,0.0777247985555619,-0.1108060029197083,-0.0846808523712927,0.0385586921545239,-0.3553254975012109,0.0846808523712927,1.0,1.059741011742597,-0.1108060029197083,-0.1700410608650816,0.1205164992826399,0.0888016310503662,1.059741011742597,-0.1108060029197083,-0.5245466887064836,-1.3265117341553267,0.2073861786774859,-0.216218424036501,1.059741011742597,0.0,1.0,0.0,-0.2999999999999998,1,0,1,0,0,1,1,0,1,0,0,1,1,0,1,0,1,0,0,1,1,0,8,3,5,0.23230449192617852,0.3261426352537452,-0.07300786374185653,-1.586792844893184e-05,-6.4664469792487176e-06,3.3948082057447386e-05,subject_threshold_council_balanced_k180,0.6149292248806427,0.5419213611387862,two_regime_assignment_union_k360
15,111,id01,2024-09-03,S4,0.4449383613390002,0.3853209287533987,-0.0596174325856014,-0.2458803184993296,-3.563952114464197e-05,4.574727631412296e-06,False,False,False,0.1355451726515617,-0.1208281807491481,0.2274950913542122,0.0551418460209055,-0.9845748517147442,-0.2274950913542122,0.0,0.7946062852474465,-0.1208281807491481,-0.0008219674538901,0.248780487804878,0.1567317073170731,0.7946062852474465,-0.1208281807491481,0.1227938186114378,0.0180811860600824,1.1167242676046,-0.6744907594765952,0.7946062852474465,1.0,1.0,0.0,-0.2458803184993296,1,0,0,1,1,0,1,0,1,0,0,1,1,0,0,1,0,1,0,1,1,0,6,5,1,0.23520336604373193,0.3486277349493082,-0.05961743258560148,-3.563952114464197e-05,4.574727631412296e-06,3.348764170940076e-05,subject_threshold_council_balanced_k180,0.4449383613390002,0.38532092875339874,two_regime_assignment_union_k360
142,1000,id06,2024-08-12,S4,0.9624126781576398,0.943213066822548,-0.0191996113350917,-0.4327905762898232,3.424956337424919e-05,-3.5227678316900316e-05,False,True,False,0.4499329307898301,0.0569619823063906,-1.1647717433985734,0.3103428685140592,-1.401146624527717,-1.1647717433985734,0.0,2.5104533114483223,0.1409379299667295,0.047402127266691,0.1458333333333333,0.1361111111111111,2.6393585654622997,0.0569619823063906,1.256897778044187,2.066487493424936,0.7413158807545638,0.7354185961691951,2.5104533114483223,1.0,1.0,1.0,0.30000000000000115,1,0,0,1,0,1,1,0,1,0,1,0,1,0,1,0,1,0,1,0,1,0,9,2,7,0.46964699235940194,0.6754144520924051,0.009468012074506094,-2.3740972135664326e-05,2.441897784759747e-05,3.3410236447854216e-05,opposite_sign_council_search_k180,0.9624126781576398,0.9718806902321458,two_regime_assignment_union_k360
12,87,id01,2024-08-15,S1,0.8108712061725185,0.4857750855031215,-0.3250961206693969,-1.5125960178749034,0.0001148320344778,0.0001238457461904,False,False,False,0.1280085567311674,0.1217100613138689,-1.2381137017910957,0.3324790376730663,-1.892317364222864,-1.2381137017910957,0.0,1.2688438125580863,0.0194408776995081,-0.0517646682834792,0.3658536585365853,0.3012912482065997,2.9283323383237105,0.1217100613138689,-0.1051170028347675,0.0960896871164148,-1.969400673151606,2.1163555254338027,1.2688438125580863,1.0,0.0,1.0,0.30000000000000027,1,0,0,1,0,1,1,0,0,1,1,0,1,0,0,1,1,0,0,1,1,0,6,5,1,0.40793562245688103,0.5944832777027158,0.041796704312042854,-2.277515604712667e-05,-2.4562886202320203e-05,3.298746073816921e-05,opposite_sign_council_search_k180,0.8108712061725185,0.8526679104845614,two_regime_assignment_union_k360
1,12,id01,2024-08-01,S3,0.8477592475098434,0.979110678172764,0.1313514306629204,2.1302730538800363,-0.0001284606102985,7.10929220450313e-05,False,False,False,0.525083678904786,0.0372277032597183,0.0316280311959711,0.0148270375852928,0.0154608371956994,0.0316280311959711,1.0,2.6661150249499506,0.0372277032597183,-0.0552041394421675,0.1463414634146341,0.1205164992826399,2.6661150249499506,0.0372277032597183,0.0805487174401144,-1.263064474691053,0.7585672307304551,0.6202634084436986,2.6661150249499506,0.0,1.0,1.0,0.2999999999999996,1,0,1,0,1,0,1,0,0,1,1,0,1,0,1,0,0,1,1,0,1,0,9,2,7,0.2271950628371596,0.43792275610433895,0.03482503636990342,-1.809072457606689e-05,1.0011804155651878e-05,3.292340602776767e-05,subject_threshold_council_balanced_k180,0.8477592475098434,0.8825842838797469,two_regime_assignment_union_k360
119,836,id05,2024-11-07,S1,0.0986982229837077,0.0396218971555722,-0.0590763258281354,-0.97617194502538,3.7788171589303983e-06,-0.0001522883499002,False,False,False,0.4810548168842751,-0.0769446713306572,2.2188519955613453,0.0980505786515965,-3.713874996852035,-2.2188519955613453,0.0,3.467708159884126,-0.185912502861761,-0.3243591772910018,-0.4772727272727273,0.4454545454545455,3.501835320241062,-0.0769446713306572,0.5087749353118514,-0.8419812418943058,-0.0690872815309984,2.7422198448373374,3.467708159884126,0.0,0.0,1.0,-0.2999999999999998,1,0,0,1,1,0,1,0,1,0,1,0,1,0,0,1,1,0,1,0,0,1,8,3,5,0.47860943849341137,0.6963568104229672,-0.02366127737223693,1.1613170747799402e-06,-4.6801698412761124e-05,3.26807211716952e-05,subject_threshold_council_balanced_k180,0.0986982229837077,0.07503694561147077,two_regime_assignment_union_k360
196,1375,id08,2024-09-11,S1,0.6377101901104458,0.1593832498522383,-0.4783269402582075,-2.2282636317689546,0.000209245934897,7.393135103791358e-05,False,False,False,0.5080311792381342,0.1304534086004452,-0.4797939085184159,0.3007569324277984,-0.721573323662169,-0.4797939085184159,0.0,0.777716979602583,0.1304534086004452,-0.0496437363490248,-0.4464285714285714,0.4166666666666667,0.777716979602583,0.1304534086004452,0.1063818619284698,0.9755458984130084,1.3291434608899253,-2.446404429279599,0.777716979602583,1.0,1.0,0.0,0.2999999999999998,1,0,0,1,0,1,1,0,0,1,0,1,1,0,1,0,1,0,1,0,0,1,6,5,1,0.40555805596056405,0.4036102848806978,0.06608566938727012,-2.817161289810828e-05,-9.953671996058415e-06,3.26054874722593e-05,opposite_sign_council_search_k180,0.6377101901104458,0.703795859497716,two_regime_assignment_union_k360
72,510,id03,2024-09-18,S4,0.20518838149678,1e-05,-0.20517838149678,-10.158738827509987,-0.0003370403643708,-0.000658021902724,True,False,False,0.5718024335238729,-0.0892331347528605,0.0170972117029053,0.3856871720337684,0.2457753848438444,-0.0170972117029053,0.0,0.2901444212903781,-0.0892331347528605,-0.0275675876114407,0.0109090909090908,0.0057875598086124,0.2901444212903781,-0.0892331347528605,-0.7590738546765118,-0.6111497404215276,-1.4742326703277182,0.1753961171577618,0.2901444212903781,0.0,0.0,1.0,-0.30000000000000027,1,0,0,1,1,0,1,0,1,0,0,1,1,0,1,0,1,0,1,0,0,1,8,3,5,0.2362836099090939,0.22009556635550273,-0.0446431177200064,-9.953214766920623e-06,-1.9432192732687512e-05,3.259450067012858e-05,subject_threshold_council_balanced_k180,0.20518838149678,0.1605452637767736,two_regime_assignment_union_k360
93,657,id04,2024-09-27,S4,0.3848527057084037,0.3105677094735178,-0.0742849962348858,-0.3284654845070684,-3.315340915999332e-05,-4.082308165969042e-06,True,False,False,0.2154320392086921,-0.1065075244453729,1.0679062440218077,0.5638138606759232,-0.6466696557729661,-1.0679062440218077,0.0,1.9250019879323328,-0.1065075244453729,-0.0342190063476782,-0.5087719298245614,0.4748538011695907,1.9250019879323328,-0.1065075244453729,0.6885668820518641,0.4352213710789036,0.1542872571222384,2.032156052657601,1.9250019879323328,1.0,1.0,1.0,-0.3,1,0,0,1,1,0,1,0,1,0,1,0,1,0,0,1,0,1,0,1,0,1,6,5,1,0.41135423484052674,0.6015217912372275,-0.0681574698229071,-3.0280267538381072e-05,-3.728527067702779e-06,3.2566853543720586e-05,subject_threshold_council_balanced_k180,0.3848527057084037,0.3166952358854966,two_regime_assignment_union_k360
1,10,id01,2024-08-01,S1,0.223901638829074,0.4037577593411023,0.1798561205120283,0.8532404871766835,7.859268726962176e-05,2.9092092154110676e-05,False,False,False,0.1591918828381075,-0.0298763366281781,1.8477240605733656,0.0546053004640152,-3.4986745822310534,-1.8477240605733656,0.0,2.4197580607840816,-0.0298763366281781,-0.0681186607270204,0.3658536585365853,0.3012912482065997,2.4197580607840816,-0.0298763366281781,0.4930043659353067,1.6823072033086115,0.7433120519433377,-1.993798213932693,2.4197580607840816,1.0,1.0,0.0,-0.2999999999999998,1,0,0,1,1,0,1,0,1,0,0,1,1,0,0,1,0,1,0,1,1,0,6,5,1,0.49050224002261145,0.6455603872087164,-0.047812560175238744,-2.763324822864878e-05,-1.0228801583375798e-05,3.252259290141873e-05,opposite_sign_council_search_k180,0.223901638829074,0.17608907865383527,two_regime_assignment_union_k360
226,1586,id09,2024-09-21,S2,0.6307974550557078,0.664250468068186,0.0334530130124781,0.146654423118368,-1.4560921741899486e-05,-1.9465190500192736e-05,True,False,False,0.1759590226225533,0.0291774413768678,0.0207341313784061,0.7121377692121583,2.0358623895391452,0.0207341313784061,1.0,2.44271787801386,0.0291774413768678,-0.0566995732105118,-0.3219512195121951,0.1046860739575137,2.44271787801386,0.0291774413768678,0.3736402125745612,-0.0548442916870164,1.8260750217170696,-1.3559082533252218,2.44271787801386,0.0,1.0,0.0,0.14665442311836763,1,0,1,0,1,0,1,0,0,1,0,1,1,0,1,0,0,1,1,0,0,1,7,4,3,0.2485201078112677,0.6890973473589905,0.03345301301247805,-1.4560921741899442e-05,-1.9465190500192678e-05,3.2475550816814126e-05,subject_threshold_council_balanced_k180,0.6307974550557078,0.6642504680681859,two_regime_assignment_union_k360
171,1202,id07,2024-08-20,S3,0.8108571857685443,0.8948846693105061,0.0840274835419618,0.6860471323986639,-4.105584280204821e-05,2.272120477270024e-05,False,False,False,0.4242942885501928,0.0886344175182475,-0.0162807779075504,0.0783322505338588,-0.4351527709680063,-0.0162807779075504,0.0,1.0308908571576505,0.0886344175182475,0.0010902930099684,0.146938775510204,0.0740571428571428,1.0308908571576505,0.0886344175182475,0.7521213364126652,1.4459872303701466,0.4683214817479893,0.6229990234923657,1.0308908571576505,1.0,1.0,1.0,0.2999999999999998,1,0,0,1,0,1,1,0,1,0,1,0,1,0,1,0,1,0,1,0,1,0,9,2,7,0.2696465942486706,0.34757019675620504,0.041799239744510386,-1.795321670910674e-05,9.935704283141093e-06,3.242637782085328e-05,subject_threshold_council_balanced_k180,0.8108571857685443,0.8526564255130546,two_regime_assignment_union_k360
32,229,id02,2024-08-31,S3,0.8699324663054512,0.8337213880010282,-0.0362110783044229,-0.2881272657506266,-8.58723773255249e-06,-1.3874194466827012e-05,True,False,False,0.3463952654075762,-0.0987463594060913,0.1644658500261941,0.0869345750593284,-0.617010578616696,-0.1644658500261941,0.0,1.2440705717764995,-0.0987463594060913,-0.0119634350030783,0.1041666666666666,0.0729166666666666,1.2440705717764995,-0.0987463594060913,-0.6657216597936203,-1.3719960732538516,-0.140435769517893,-0.5270326459078949,1.2440705717764995,0.0,0.0,0.0,-0.28812726575062597,1,0,0,1,1,0,1,0,1,0,0,1,1,0,1,0,1,0,1,0,1,0,9,2,7,0.2564514744354571,0.4029943062277261,-0.03621107830442283,-8.58723773255247e-06,-1.3874194466826981e-05,3.22187968783233e-05,subject_threshold_council_balanced_k180,0.8699324663054512,0.8337213880010284,two_regime_assignment_union_k360
151,1062,id06,2024-08-25,S3,0.9590082337127792,0.99999,0.0409817662872208,8.360387028624496,-0.0008877121287884,0.0001005016852621,False,True,False,0.5143336182005274,0.0722347409973988,-0.904079887012815,0.8870456666416828,0.7094246723366767,-0.904079887012815,0.0,2.1184686520909106,0.0722347409973988,0.015489454537737,0.0299999999999999,0.0151199999999999,2.1184686520909106,0.0722347409973988,-1.2677987041918926,-1.499622680561994,-2.828668002350033,0.0874339873395584,2.1184686520909106,0.0,0.0,1.0,0.3000000000000025,1,0,0,1,0,1,1,0,1,0,1,0,1,0,0,1,0,1,0,1,1,0,6,5,1,0.4124451914092874,0.6617392336938162,0.010298220908720235,-3.185422370097706e-05,3.606352848905627e-06,3.201657803005509e-05,subject_threshold_council_balanced_k180,0.9590082337127792,0.9693064546214994,two_regime_assignment_union_k360
2,17,id01,2024-08-02,S1,0.2518576456277656,0.5345859047489124,0.2827282591211468,1.22729414426119,-4.637065890069666e-06,-0.0001338556179003,True,False,False,0.1335407954413138,0.1077165197080293,1.636296069527389,0.0024795109971937,2.531746626382829,1.636296069527389,1.0,1.2500859575896084,0.1077165197080293,-0.0108135520792904,0.3658536585365853,0.2845528455284553,1.2500859575896084,0.1077165197080293,0.5266777048706802,0.2263216605448454,-0.0174935739344226,2.1163555254338027,1.2500859575896084,1.0,0.0,1.0,0.30000000000000004,1,0,1,0,1,0,1,0,0,1,1,0,1,0,1,0,1,0,0,1,1,0,9,2,7,0.38465797935641194,0.48709725511037627,0.06058394493512953,-1.1334852150364737e-06,-3.2719691166031725e-05,3.1912037597014405e-05,subject_threshold_council_balanced_k180,0.2518576456277656,0.3124415905628951,two_regime_assignment_union_k360
140,986,id06,2024-07-21,S4,0.8457556113785314,0.908237069983016,0.0624814586044846,0.5906048724139523,3.190428252991053e-05,-0.000191657731484,False,False,False,0.4301055804945856,0.0934945931488745,-0.4880457262863129,0.5540154851575252,0.2139594310522588,-0.4880457262863129,0.0,1.317309564064178,0.107336478997014,0.0571937729514147,-0.7113095238095237,0.6638888888888889,2.312417633049213,0.0934945931488745,0.7158644064383213,2.4311109189641935,1.349153244477425,-2.327053290712356,1.317309564064178,1.0,1.0,0.0,0.30000000000000093,1,0,0,1,0,1,1,0,1,0,0,1,1,0,1,0,1,0,1,0,0,1,7,4,3,0.4837554984744444,0.5187933002612641,0.03521901796551852,1.620590212852954e-05,-9.735327649804346e-05,3.1614619774413566e-05,subject_threshold_council_balanced_k180,0.8457556113785314,0.8809746293440499,two_regime_assignment_union_k360
162,1140,id07,2024-07-24,S4,0.2776637294351317,0.3761754359787951,0.0985117065436634,0.4502664421771682,5.759326314037395e-06,-7.932000571909036e-05,False,False,False,0.158303661311487,0.1102607999999999,0.8989712655924716,0.0654935836923873,1.4153614462251694,0.8989712655924716,1.0,1.503703194241503,0.1102607999999999,0.0590161741708579,0.5306122448979591,0.3909774436090225,1.503703194241503,0.1102607999999999,-0.5448628254605705,-1.749839441279443,-1.213379534850756,2.1101889620560024,1.503703194241503,0.0,0.0,1.0,0.29999999999999993,1,0,1,0,1,0,1,0,1,0,1,0,1,0,0,1,0,1,0,1,1,0,8,3,5,0.5047804893514773,0.544955094436959,0.06395700379707009,3.837278847290543e-06,-5.284871242161988e-05,3.141992546186191e-05,subject_threshold_council_balanced_k180,0.2776637294351317,0.34162073323220177,two_regime_assignment_union_k360
5,41,id01,2024-08-06,S4,0.539318589457077,0.5729968811521345,0.0336782916950575,0.1364892057041256,2.261626303611486e-05,2.4529301256133736e-05,False,False,False,0.0847842832454046,-0.1189165776431898,-0.0896609716159869,0.1167289432384621,-0.1842837381735406,0.0896609716159869,1.0,0.8360160579048431,-0.1189165776431898,-0.007876600995292,0.1121951219512196,0.0713968957871397,0.8360160579048431,-0.1189165776431898,0.1090197429550476,0.1499452672089502,0.5224651402238049,-0.1864871092092914,0.8360160579048431,1.0,1.0,0.0,-0.13648920570412554,1,0,1,0,0,1,1,0,1,0,0,1,1,0,0,1,0,1,0,1,1,0,6,5,1,0.143172760366492,0.2554808253094036,-0.03404114920358281,-2.2616263036114847e-05,-2.452930125613372e-05,3.1319197937254006e-05,opposite_sign_council_search_k180,0.539318589457077,0.5052774402534942,two_regime_assignment_union_k360
178,1251,id07,2024-08-29,S3,0.8110918661008076,0.9034273290687128,0.092335462967905,0.7787793926070208,-7.097541039557937e-05,3.927935035214875e-05,False,False,False,0.4357447411074794,0.0917239007299271,-0.0645165095890221,0.0316274272023315,-0.6895148589832962,-0.0645165095890221,0.0,0.9674564693501522,0.0917239007299271,-0.006175060355459,0.146938775510204,0.0510738916256157,0.9674564693501522,0.0917239007299271,0.1255471355356632,0.6677247294419949,-0.6868925413567771,0.6229990234923657,0.9674564693501522,1.0,0.0,1.0,0.2999999999999998,1,0,0,1,0,1,1,0,0,1,1,0,1,0,1,0,1,0,0,1,1,0,7,4,3,0.21935360996885056,0.3472348337947563,0.04175678888377532,-2.7341020218055835e-05,1.5131120850793795e-05,3.0856885121469436e-05,subject_threshold_council_balanced_k180,0.8110918661008076,0.852848654984583,two_regime_assignment_union_k360
234,1643,id10,2024-08-17,S3,0.4976786706857221,0.5148823977028724,0.0172037270171502,0.0688325640753793,1.5916934380568447e-05,1.4234724855992476e-05,False,False,False,0.0209037021588749,-0.0658751478260882,-0.1634809456406936,0.1121417077950066,0.4589792389270322,0.1634809456406936,1.0,2.3672746557669564,-0.0658751478260882,-0.0228380523491477,0.0751515151515151,0.0420848484848485,2.3672746557669564,-0.0658751478260882,0.2041975260934073,-0.0179002397727649,0.5300296322742605,-0.3941468635624549,2.3672746557669564,0.0,1.0,0.0,-0.06883256407537895,1,0,1,0,0,1,1,0,1,0,0,1,1,0,0,1,1,0,0,1,1,0,7,4,3,0.15444564779238953,0.4873415052607281,-0.01719823233647716,-1.5916934380568345e-05,-1.4234724855992388e-05,3.072800844826439e-05,opposite_sign_council_search_k180,0.4976786706857221,0.4804804383492449,two_regime_assignment_union_k360
95,670,id04,2024-10-16,S3,0.5184440313613685,0.1087401793920591,-0.4097038519693093,-2.177484245033748,-0.000154251873937,-0.0001707197239965,True,False,False,0.5346561687971991,-0.0215336124963154,0.0502828658218802,0.0517981847405077,-0.682514207587781,-0.0502828658218802,0.0,0.7275066168263279,-0.0215336124963154,0.0088595571708697,0.4561403508771929,0.3991228070175438,0.7275066168263279,-0.0215336124963154,-0.2275628464108701,0.422141137118857,0.6570377961946504,-2.1390283084808988,0.7275066168263279,1.0,1.0,0.0,-0.30000000000000004,1,0,0,1,1,0,1,0,0,1,0,1,1,0,1,0,0,1,0,1,1,0,6,5,1,0.2520309670578399,0.3130133235112189,-0.07475176340650191,-2.1251847073820318e-05,-2.3520683245250157e-05,3.062259721069356e-05,subject_threshold_council_balanced_k180,0.5184440313613685,0.44369226795486655,two_regime_assignment_union_k360
122,857,id05,2024-11-14,S1,0.1918316130446886,0.2250981152253601,0.0332665021806715,0.2019524184482752,1.1368321340158162e-05,4.711592420415944e-06,False,False,False,0.2865451605378749,-0.2021333154722341,1.4610684233281408,0.1138877368603385,-3.08120920032619,-1.4610684233281408,0.0,0.9610019765776774,-0.2021333154722341,-0.0539462558471639,0.5227272727272727,0.4878787878787878,0.9610019765776774,-0.2021333154722341,-1.148895675233076,-0.678225525490108,-0.5371447106202772,-2.8749902656302067,0.9610019765776774,0.0,0.0,0.0,-0.20195241844827527,1,0,0,1,1,0,1,0,1,0,0,1,1,0,1,0,1,0,1,0,1,0,9,2,7,0.5290836873129232,0.49266084840456054,-0.02938082142255971,-1.1368321340158162e-05,-4.711592420415944e-06,3.052447503259618e-05,opposite_sign_council_search_k180,0.1918316130446886,0.1624507916221289,two_regime_assignment_union_k360
207,1452,id09,2024-08-12,S1,0.1656022898594568,0.2067692410636673,0.0411669512042104,0.272610309643849,2.2923860833471973e-05,1.6099320335312617e-05,False,False,False,0.3076391918578063,-0.0900376401503567,1.5273476071145906,0.3348959407732884,-1.8524270699947096,-1.5273476071145906,0.0,2.9819088232545554,-0.0900376401503567,-0.0561008208262922,-0.5609756097560976,0.3739837398373984,2.9819088232545554,-0.0900376401503567,1.1333652977333988,0.4674895701097213,0.1576260317682155,3.2123965225982016,2.9819088232545554,1.0,1.0,1.0,-0.2726103096438488,1,0,0,1,1,0,1,0,1,0,1,0,1,0,0,1,0,1,0,1,0,1,6,5,1,0.45959100563366123,0.7090903143918725,-0.03432719173051496,-2.2923860833471953e-05,-1.6099320335312603e-05,3.051605918948811e-05,opposite_sign_council_search_k180,0.1656022898594568,0.13127509812894186,two_regime_assignment_union_k360
7,53,id01,2024-08-09,S2,0.5701058542186728,0.8496572798978662,0.2795514256791934,1.4496325325063597,-9.914972666846318e-05,5.4871635534395154e-05,False,False,False,0.4475002788855839,0.0862028994293471,0.4037799463033096,0.3412225069733367,1.2028348862783411,0.4037799463033096,1.0,1.1676112107932886,0.0862028994293471,-0.1039417637649667,-0.1353658536585365,0.0823966065747613,1.1676112107932886,0.0862028994293471,0.2912081952237524,0.3925108763559867,1.0650796331548054,-0.6935392789996822,1.1676112107932886,1.0,1.0,0.0,0.30000000000000004,1,0,1,0,1,0,1,0,0,1,0,1,1,0,1,0,1,0,1,0,0,1,8,3,5,0.30064197240634033,0.4899937053256394,0.0714867118291781,-2.0518936581197663e-05,1.1355629989799728e-05,3.0422795160145246e-05,subject_threshold_council_balanced_k180,0.5701058542186728,0.6415925660478509,two_regime_assignment_union_k360
195,1371,id08,2024-09-10,S4,0.356595612473472,0.8512799070893735,0.4946842946159015,2.3348460543300673,-3.743477780797955e-05,-0.0002170183337836,True,False,False,0.5244194102049391,0.1272529597257769,0.0689800148299838,0.9565090889149668,2.7448469650283567,0.0689800148299838,1.0,2.076176963491205,0.1272529597257769,0.2739280174966299,0.3928571428571429,0.34375,2.076176963491205,0.1272529597257769,-0.5516549495171609,-0.7765077627164586,-2.197491542389858,1.6180059802357536,2.076176963491205,0.0,0.0,1.0,0.30000000000000004,1,0,1,0,1,0,1,0,1,0,1,0,1,0,0,1,0,1,0,1,1,0,8,3,5,0.38281492362091163,0.718530351899875,0.07136638352609692,-4.809924543661699e-06,-2.7884279571392098e-05,3.010741452137825e-05,subject_threshold_council_balanced_k180,0.356595612473472,0.4279619959995689,two_regime_assignment_union_k360
63,447,id03,2024-08-21,S4,0.0643076885974531,1e-05,-0.0642976885974531,-8.835307967547331,-0.0009357058812525,0.0002726240771536,False,False,False,0.5224941910091085,-0.1488217780526153,1.2166180468713907,0.2617771472395971,-1.5820981750467715,-1.2166180468713907,0.0,2.701050651902923,-0.2098630340541996,0.0079262121100209,-0.1515151515151515,0.1116427432216905,2.810812398902671,-0.1488217780526153,0.3919333846594725,-0.0727210814425252,0.2384981332505911,0.7557190726920842,2.701050651902923,0.0,1.0,1.0,-0.2999999999999998,1,0,0,1,1,0,1,0,0,1,1,0,1,0,0,1,1,0,0,1,0,1,6,5,1,0.33237679255396985,0.6525890009980868,-0.015859883114447942,-3.1771587974841874e-05,9.256861610995112e-06,2.9599191057090757e-05,subject_threshold_council_balanced_k180,0.0643076885974531,0.04844780548300516,two_regime_assignment_union_k360
123,864,id05,2024-11-16,S1,0.6235177701906007,0.4774902931987224,-0.1460274769918783,-0.5946061476179345,-1.2863930410085885e-05,-3.206936003800608e-05,True,False,False,0.073619323748435,-0.1246856073148852,-0.4784358236180018,0.1170423722636757,0.835563081317664,0.4784358236180018,1.0,1.676630777837541,-0.1246856073148852,-0.5007369582016209,0.0163636363636363,0.0109963636363636,1.676630777837541,-0.1246856073148852,-0.7918144616286849,-2.0933817558523127,-0.0984726692362892,-0.0306393278752777,1.676630777837541,0.0,0.0,0.0,-0.30000000000000016,1,0,1,0,0,1,1,0,1,0,0,1,1,0,1,0,1,0,1,0,1,0,9,2,7,0.31813221219917015,0.5016762579021026,-0.07256861214174393,-6.490311508695486e-06,-1.6180135455955125e-05,2.9416025603304915e-05,subject_threshold_council_balanced_k180,0.6235177701906007,0.5509491580488568,two_regime_assignment_union_k360
94,663,id04,2024-10-15,S3,0.4934828120214982,0.4308152118957657,-0.0626676001257324,-0.2524556569662248,1.3596742723341408e-05,-7.291944334113671e-06,False,False,False,0.0911184481482405,0.0789935791244932,0.2170139870178126,0.0150530921731401,0.0757518749348475,0.2170139870178126,1.0,1.8061429077702704,0.0789935791244932,0.0064620358912853,0.4561403508771929,0.4257309941520468,1.8061429077702704,0.0789935791244932,0.3518664619761376,0.0721611954670799,-0.5321575861648594,2.039103751521403,1.8061429077702704,1.0,0.0,1.0,0.252455656966225,1,0,1,0,1,0,1,0,1,0,1,0,1,0,1,0,1,0,0,1,1,0,10,1,9,0.26918253676911413,0.38985433535325825,0.06287306221600236,-1.3596742723341419e-05,7.2919443341136774e-06,2.9267446649203404e-05,opposite_sign_council_search_k180,0.4934828120214982,0.5563558742375005,two_regime_assignment_union_k360
36,258,id02,2024-09-04,S4,0.7080821306066887,0.906111899353518,0.1980297687468294,1.380971555988224,-4.462565733793397e-06,-0.0001372859571964,True,False,False,0.4754223184149084,0.0249233258946563,0.0561689050116087,0.1563557865126169,0.4117694287791364,0.0561689050116087,1.0,2.4305348800809172,0.0249233258946563,0.0148921902628629,-0.338235294117647,0.2254901960784313,2.4305348800809172,0.0249233258946563,0.387968399769398,0.6309718860811174,0.8058474414612382,-0.9941023938690996,2.4305348800809172,1.0,1.0,0.0,0.3000000000000004,1,0,1,0,1,0,1,0,1,0,0,1,1,0,1,0,1,0,1,0,0,1,9,2,7,0.2620449354129596,0.5167937938598662,0.057958473376978126,-9.694404742319232e-07,-2.9823776587102722e-05,2.9236715739322993e-05,subject_threshold_council_balanced_k180,0.7080821306066887,0.7660406039836668,two_regime_assignment_union_k360
111,783,id05,2024-10-05,S4,0.430624059399601,0.3913523899494645,-0.0392716694501364,-0.1623255935366643,6.8534502681659085e-06,6.3939415395761585e-06,False,False,False,0.1223926943580832,0.0663399016948664,0.0947047245991027,0.1831240422215906,-0.074095636445708,0.0947047245991027,1.0,0.5376530193611945,0.0663399016948664,0.1994909573250552,0.0075757575757575,0.0055821371610844,0.5376530193611945,0.0663399016948664,0.5561185900092127,1.766767600257762,0.010762973626629,0.2414403341122273,0.5376530193611945,1.0,1.0,1.0,0.1623255935366642,1,0,1,0,1,0,1,0,1,0,1,0,1,0,1,0,1,0,1,0,1,0,11,0,11,0.20799994647155798,0.20570671584504724,0.04016427750235074,-6.853450268165904e-06,-6.393941539576154e-06,2.923143295920548e-05,opposite_sign_council_search_k180,0.430624059399601,0.47078833690195176,two_regime_assignment_union_k360
208,1461,id09,2024-08-13,S3,0.7284616336615577,0.7737331282076388,0.0452714945460811,0.2426803497448092,-1.285908689040794e-05,6.577941663414257e-06,False,False,False,0.2895781512987672,0.0993230687016378,0.152635690589255,0.2570780279249921,0.6050062137149277,0.152635690589255,1.0,1.558592756007533,0.0993230687016378,-0.0825635549212942,0.2926829268292683,0.1862527716186253,1.558592756007533,0.0993230687016378,0.8272954405862213,1.0820331058756734,0.4362184489808773,1.290489095367145,1.558592756007533,1.0,1.0,1.0,0.24268034974480923,1,0,1,0,1,0,1,0,0,1,1,0,1,0,1,0,1,0,1,0,1,0,10,1,9,0.33723882767390934,0.4929829677355565,0.04527149454608115,-1.2859086890407941e-05,6.577941663414257e-06,2.8271814389001864e-05,subject_threshold_council_balanced_k180,0.7284616336615577,0.7737331282076388,two_regime_assignment_union_k360
236,1657,id10,2024-08-19,S3,0.4377861642042851,0.4470405511170088,0.0092543869127237,0.0375163260544429,8.106783394135772e-06,1.0840166276965496e-05,False,False,False,0.0561984843024444,-0.0713152697969499,0.0722367932883916,0.1172902715762363,0.0548097236484453,-0.0722367932883916,0.0,2.4431772585208,-0.0820092903195382,-0.0648509111037977,0.1551515151515151,0.0944400527009222,2.4473775643621796,-0.0713152697969499,-0.5281195831820016,-1.1942780889182123,-0.2078223600355937,-0.760536905747272,2.4431772585208,0.0,0.0,0.0,-0.03751632605444283,1,0,0,1,1,0,1,0,1,0,0,1,1,0,1,0,1,0,1,0,1,0,9,2,7,0.24993038409246635,0.4545015343795664,-0.009211292433576213,-8.106783394135755e-06,-1.084016627696547e-05,2.8269324342376785e-05,opposite_sign_council_search_k180,0.4377861642042851,0.4285748717707089,two_regime_assignment_union_k360
239,1676,id10,2024-09-16,S1,0.5012128623676527,0.3165738775580173,-0.1846389848096354,-0.7744133874211239,5.996955812131363e-05,3.5651414394502485e-05,False,False,False,0.2480497671253551,0.1186827328134842,-0.0113698068264172,0.0541062739761988,-0.5602647162204522,-0.0113698068264172,0.0,0.850870132670792,0.1186827328134842,-0.0981757311835669,0.0109090909090908,0.007330909090909,0.850870132670792,0.1186827328134842,-0.1369806331282912,-0.3627024800307158,0.0704418071188348,0.1225573115011096,0.850870132670792,0.0,1.0,1.0,0.30000000000000027,1,0,0,1,0,1,1,0,0,1,1,0,1,0,0,1,0,1,1,0,1,0,6,5,1,0.10562636685469508,0.29093493171866786,0.07441520342495922,-2.3231606953884852e-05,-1.3811001323166193e-05,2.8259116316534294e-05,opposite_sign_council_search_k180,0.5012128623676527,0.5756280657926119,two_regime_assignment_union_k360
242,1697,id10,2024-09-19,S1,0.0913753895424263,0.1308250142573004,0.0394496247148741,0.4032720496621536,2.370288121197007e-05,-0.0001383959837768,False,False,False,0.3829823543929055,-0.0477981682702258,2.2904375100690215,0.0541062739761988,-4.386276600693129,-2.2904375100690215,0.0,2.273486603209492,0.0595668957649681,-0.1345008240461253,0.0109090909090908,0.0061090909090908,2.530461338323094,-0.0477981682702258,1.9353650970199805,1.8931901439700505,3.8033736094182617,0.0,2.273486603209492,1.0,1.0,0.0,0.2999999999999998,0,1,1,0,0,1,1,0,0,1,1,0,0,1,1,0,1,0,1,0,0,0,6,4,2,0.47026165111988,0.6364819618660855,0.02814751855316068,1.7632921422519207e-05,-0.00010295480474739454,2.815302761966567e-05,subject_threshold_council_balanced_k180,0.0913753895424263,0.11952290809558698,two_regime_assignment_union_k360
75,528,id03,2024-09-22,S1,0.899490120327988,0.6680852587685673,-0.2314048615594207,-1.492034376091027,1.263600710653529e-06,0.0002119537503563,False,False,False,0.2490769603143645,-0.0223801084569126,-0.5762362390003757,0.1112584061766781,1.111545345495834,0.5762362390003757,1.0,1.998202109576637,0.0906399612534195,0.0089227239381212,0.0109090909090908,0.0047810276679841,2.598462668561881,-0.0223801084569126,0.1993204238130375,0.0630295806615297,0.2212020791672121,0.0,1.998202109576637,1.0,1.0,0.0,0.2999999999999994,0,1,0,1,1,0,1,0,1,0,1,0,0,1,1,0,1,0,1,0,0,0,7,3,4,0.15201429559687965,0.5311031375398357,0.024058752400010985,-2.5406935608897175e-07,-4.261706440940161e-05,2.8054221326360704e-05,opposite_sign_council_search_k180,0.899490120327988,0.923548872727999,two_regime_assignment_union_k360
151,1063,id06,2024-08-25,S4,0.8783629189315173,0.8647309072449335,-0.0136320116865837,-0.1218656950057508,-1.5528716090099555e-05,-2.930445270064662e-05,True,False,False,0.3695021113352378,-0.0921463881432313,-0.018939489580527,0.190416582259753,0.4245702082579564,0.018939489580527,1.0,2.3707067359177176,-0.1224791171260989,0.1032663345631907,0.1049999999999999,0.0529199999999999,2.481967036577649,-0.0921463881432313,0.6956326289216954,-0.6081346374700819,2.6400121796465466,-0.1607797740612812,2.3707067359177176,0.0,1.0,0.0,-0.12186569500574995,1,0,1,0,0,1,1,0,0,1,0,1,1,0,0,1,1,0,0,1,1,0,6,5,1,0.25861008182953255,0.5220273250759018,-0.013632011686583678,-1.552871609009944e-05,-2.9304452700646405e-05,2.7596346795273557e-05,subject_threshold_council_balanced_k180,0.8783629189315173,0.8647309072449336,two_regime_assignment_union_k360
233,1634,id10,2024-08-14,S1,0.6548302586998936,0.4007908229866578,-0.2540394357132358,-1.042510849982094,3.363718156432301e-05,8.257527151146086e-05,False,False,False,0.1881229795129747,0.1336652293584804,-1.5370887554450343,0.8361243784064178,-1.00840036345967,-1.5370887554450343,0.0,1.0328823720917235,0.0534579618800465,0.1318007900815367,-0.0448484848484848,0.0251151515151515,2.7085812159215545,0.1336652293584804,0.3379442807159736,0.8597430208366913,0.4349027928988794,-0.1906447067795048,1.0328823720917235,1.0,1.0,0.0,0.2999999999999997,1,0,0,1,0,1,1,0,1,0,0,1,1,0,1,0,1,0,1,0,0,1,7,4,3,0.35798387010781596,0.5892408351301209,0.06433802257911458,-9.679663736324869e-06,-2.3762420749734855e-05,2.75332929007125e-05,opposite_sign_council_search_k180,0.6548302586998936,0.7191682812790082,two_regime_assignment_union_k360
47,334,id02,2024-10-04,S3,0.8651165187605231,0.99999,0.1348734812394769,9.654462567116946,0.0004681522448772,-1.5011554306059084e-05,False,False,False,0.547195718433817,-0.0258183888046055,0.0257151167459841,0.2675941887056443,0.6496400981514352,-0.0257151167459841,0.0,2.593154600646012,-0.0668224020594659,-0.023323430072739,-0.045,0.02268,2.707334115489212,-0.0258183888046055,-0.0976532477918243,0.2030703872844167,-1.2221467263844374,0.1561321202492122,2.593154600646012,1.0,0.0,1.0,-0.30000000000000093,1,0,0,1,1,0,1,0,1,0,1,0,1,0,1,0,0,1,1,0,0,1,8,3,5,0.1391714955139513,0.5498354954759914,-0.038985276970998406,-1.4547228547088501e-05,4.664647317766319e-07,2.733496473630534e-05,opposite_sign_council_search_k180,0.8651165187605231,0.8261312417895246,two_regime_assignment_union_k360
171,1203,id07,2024-08-20,S4,0.4350519508392136,0.2190408560282409,-0.2160110948109726,-1.0099962390352233,-8.250401625340996e-05,-1.6811708230779597e-05,True,False,False,0.3565630271555994,-0.0250219897741596,-0.0707183167134292,0.2093843219776322,0.6755856914253053,0.0707183167134292,1.0,2.653460742997008,-0.0250219897741596,-0.0957922429568912,-0.0979591836734694,0.0493714285714285,2.653460742997008,-0.0250219897741596,1.2199444346394803,1.1410589579914523,1.7695137227153988,0.5643698191538862,2.653460742997008,1.0,1.0,1.0,-0.29999999999999993,1,0,1,0,0,1,1,0,1,0,1,0,1,0,0,1,0,1,0,1,0,1,6,5,1,0.3198705183728588,0.5838192324485578,-0.07179790677800396,-2.4506234696147013e-05,-4.9935952969999e-06,2.7299846614581247e-05,subject_threshold_council_balanced_k180,0.4350519508392136,0.36325404406120965,two_regime_assignment_union_k360
94,662,id04,2024-10-15,S2,0.6523945331552778,0.7645326172089171,0.1121380840536392,0.548110916850884,4.364685714297468e-05,1.253977323542326e-05,False,False,False,0.3037809466276908,-0.0731779271187015,0.0577237121690099,0.1683610274362261,0.2114739607884649,-0.0577237121690099,0.0,2.366936735616623,-0.0731779271187015,0.0003542175127029,0.2982456140350877,0.2783625730994152,2.366936735616623,-0.0731779271187015,0.0496420337700017,0.709592544817438,-0.2040663232056306,-1.271754506787818,2.366936735616623,1.0,0.0,0.0,-0.30000000000000016,1,0,0,1,1,0,1,0,0,1,0,1,1,0,0,1,0,1,1,0,1,0,6,5,1,0.2127361572150076,0.4747226557599686,-0.07073701881599592,-2.3889429566780016e-05,-6.8634501794651e-06,2.6957507321742768e-05,opposite_sign_council_search_k180,0.6523945331552778,0.5816575143392819,two_regime_assignment_union_k360
202,1417,id09,2024-08-07,S1,0.844765883790745,0.5341131344702514,-0.3106527493204936,-1.5574602718309591,-0.0002736308654667,0.0003303611804979,False,False,False,0.1428415967324242,,,,,,,,0.147504878410291,-0.1946828509586966,-0.5609756097560976,0.4908536585365854,2.4879905901888946,,,,,,,,,,-0.3000000000000005,0,0,0,0,0,0,0,1,1,0,1,0,0,0,0,0,0,0,0,0,0,0,2,1,1,0.07703684062546566,0.13547087730069976,-0.04351590463035804,-5.270712911574572e-05,6.363459533570435e-05,2.689182922825232e-05,subject_threshold_council_balanced_k180,0.844765883790745,0.801249979160387,two_regime_assignment_union_k360
73,514,id03,2024-09-19,S1,0.809848359983873,0.6840984308013975,-0.1257499291824754,-0.6763540242886178,3.0762435941374106e-06,4.870089541795849e-05,False,False,False,0.2281109060152639,0.0994780944554213,0.166310641900687,0.1112584061766781,0.1343433297920737,0.166310641900687,1.0,1.39914239982614,0.0258638923945282,0.0520494410612254,0.0109090909090908,0.0054981818181817,2.666919282126578,0.0994780944554213,0.2279599012909234,-0.1728731489619186,0.8775155579853955,0.1225573115011096,1.39914239982614,0.0,1.0,1.0,0.30000000000000027,1,0,1,0,1,0,1,0,1,0,1,0,1,0,1,0,0,1,1,0,1,0,10,1,9,0.16718570433578164,0.3811332760756787,0.04198144411278104,-1.3644822757015343e-06,-2.160151060053866e-05,2.6624795228597593e-05,opposite_sign_council_search_k180,0.809848359983873,0.851829804096654,two_regime_assignment_union_k360
20,143,id01,2024-09-09,S1,0.6306623826994678,0.3758552610667757,-0.2548071216326921,-1.0422376599822156,3.411634051215281e-05,4.002180920854424e-05,False,False,False,0.2133272315046664,0.1158945635036493,0.203947237329917,0.1889603908104431,0.2955465158688393,0.203947237329917,1.0,0.9679753425200496,0.1158945635036493,0.0211901498701412,0.0234146341463414,0.0107281596452328,0.9679753425200496,0.1158945635036493,-0.5326877523093522,-0.9016497502664524,-0.6576082883430265,0.1928035754102827,0.9679753425200496,0.0,0.0,1.0,0.30000000000000027,1,0,1,0,1,0,1,0,1,0,1,0,1,0,0,1,0,1,0,1,1,0,8,3,5,0.2513469586021719,0.3326170326543456,0.06676128573974449,-9.820123131820526e-06,-1.1519966341235605e-05,2.6532350040238297e-05,opposite_sign_council_search_k180,0.6306623826994678,0.6974236684392123,two_regime_assignment_union_k360
223,1564,id09,2024-09-16,S1,0.6237375481078515,0.528294964599852,-0.0954425835079995,-0.3921418661088751,-2.6389483387572504e-05,-2.31528325605726e-05,True,False,False,0.0616998688276518,,,,,,,,-0.0469293509189191,0.1857254625065793,-0.0439024390243902,0.0170206378986866,2.566130559691242,,,,,,,,,,-0.3000000000000001,0,0,0,0,0,0,1,0,0,1,1,0,0,0,0,0,0,0,0,0,0,0,2,1,1,0.0249443851754635,0.12550969024954906,-0.07255674273760482,-2.0188726837123034e-05,-1.7712594263636522e-05,2.588069707955717e-05,subject_threshold_council_balanced_k180,0.6237375481078515,0.5511808053702467,two_regime_assignment_union_k360
42,298,id02,2024-09-10,S2,0.9167661538287092,0.99999,0.0832238461712908,9.113717107419747,-0.0003589478561247,0.0001986496241486,False,False,False,0.5291183461599518,0.0236619928512594,0.3097184236308137,0.311021508337475,1.496807842892721,0.3097184236308137,1.0,2.83409192553432,0.0236619928512594,0.043264890779931,0.0833333333333333,0.0777777777777778,2.83409192553432,0.0236619928512594,0.3466569620248726,-0.3174980760094474,0.902701952271346,0.0828321985322136,2.83409192553432,0.0,1.0,1.0,0.3000000000000007,1,0,1,0,1,0,1,0,1,0,1,0,1,0,1,0,0,1,1,0,1,0,10,1,9,0.2035107302268864,0.6349010818557788,0.02021317044904014,-1.1815635219766466e-05,6.53903193857829e-06,2.5748006029138758e-05,subject_threshold_council_balanced_k180,0.9167661538287092,0.9369793242777493,two_regime_assignment_union_k360
191,1341,id08,2024-08-14,S2,0.5965105903764082,0.6624966024441465,0.0659860120677383,0.2834930978726638,1.536959993855822e-05,7.0520806967861415e-06,False,False,False,0.1855917066678549,0.1245693641192139,-0.1776732984075922,0.2220446151711409,-0.3692652146082101,-0.1776732984075922,0.0,0.8376876570738481,0.1245693641192139,0.0078195932995559,-0.1071428571428571,0.0937499999999999,0.8376876570738481,0.1245693641192139,-0.5725014339160517,-0.1047417405743023,-1.1190217234039908,-0.593349013975651,0.8376876570738481,0.0,0.0,0.0,-0.2834930978726635,0,1,1,0,1,0,0,1,0,1,1,0,0,1,1,0,1,0,1,0,1,0,7,4,3,0.2544616305108067,0.3260618733610176,-0.06967299413839234,-1.5369599938558205e-05,-7.052080696786135e-06,2.573631242039706e-05,opposite_sign_council_search_k180,0.5965105903764082,0.5268375962380158,two_regime_assignment_union_k360
216,1518,id09,2024-09-07,S4,0.7585172039810237,0.7317379884255403,-0.0267792155554834,-0.1411088950459085,1.282368390777732e-05,1.1507214217455644e-05,False,False,False,0.2411107138699595,0.0697869197048919,-0.7228787427153425,0.0768480185692934,-1.2786568944648862,-0.7228787427153425,0.0,2.4989752136990515,0.1104785300503558,0.1088423183455837,-0.0614634146341462,0.0364441893830702,2.711824663349531,0.0697869197048919,0.8292808322438316,0.6564313488100054,1.4903273166532889,-0.0052286105385778,2.4989752136990515,1.0,1.0,0.0,0.1411088950459085,1,0,0,1,0,1,1,0,1,0,0,1,1,0,1,0,1,0,1,0,0,1,7,4,3,0.3473859049705822,0.6042144323846871,0.0248972283435841,-1.282368390777732e-05,-1.1507214217455645e-05,2.5259477870718877e-05,opposite_sign_council_search_k180,0.7585172039810237,0.7834144323246078,two_regime_assignment_union_k360
126,887,id05,2024-11-19,S3,0.1453934844513222,1e-05,-0.1453834844513221,-9.741718070541776,7.747560488373893e-07,-0.0011218810381155,False,False,False,0.5508742195579628,-0.2587673089710937,0.5191736434186038,0.5938029395384843,0.105152391520331,-0.5191736434186038,0.0,0.8122555523056225,-0.2587673089710937,0.0177443279104527,0.1418181818181818,0.0794181818181818,0.8122555523056225,-0.2587673089710937,-2.115401766053811,-3.741430789364942,-1.8296998416553596,-0.6994718987164692,0.8122555523056225,0.0,0.0,0.0,-0.30000000000000004,1,0,0,1,1,0,1,0,0,1,0,1,1,0,1,0,1,0,1,0,1,0,8,3,5,0.49056435544753346,0.3900384897642921,-0.033465522325057284,2.3858914102026625e-08,-3.45487632671698e-05,2.524469997246079e-05,subject_threshold_council_balanced_k180,0.1453934844513222,0.11192796212626491,two_regime_assignment_union_k360
118,831,id05,2024-10-18,S3,0.1295334140076771,1e-05,-0.129523414007677,-9.607824962376451,0.0007132574575494,-0.000394732336315,False,False,False,0.545323194902687,0.1142741382042176,0.3777312519178453,0.3184674398724003,0.840219326958759,0.3777312519178453,1.0,0.4449291043015264,0.1142741382042176,0.0189942559155972,-0.1363636363636363,0.1272727272727272,0.4449291043015264,0.1142741382042176,-0.4038685240404479,-1.2114694424001011,1.0306200525750997,-0.6744907594765952,0.4449291043015264,0.0,1.0,0.0,0.2999999999999998,1,0,1,0,1,0,1,0,1,0,0,1,1,0,0,1,0,1,1,0,0,1,7,4,3,0.34543478073277345,0.33750633869063373,0.03773793490301783,-2.2271142334790554e-05,1.2325339122875973e-05,2.5223335736138894e-05,opposite_sign_council_search_k180,0.1295334140076771,0.1672713489106949,two_regime_assignment_union_k360
84,594,id04,2024-09-15,S4,0.3325618787055053,0.5130059063502446,0.1804440276447392,0.7486561031236214,4.358855653882099e-05,-1.8754830683535952e-06,False,False,False,0.0761613160259033,-0.1297551248383883,0.3677523732406879,0.363959686216204,0.3224904238751168,-0.3677523732406879,0.0,2.6722376603700764,-0.1674496810279772,-0.068918391630105,0.1578947368421052,0.138157894736842,2.683005604398206,-0.1297551248383883,0.2325695570522677,0.9740729607455976,-0.7046041590316153,-0.3497665260280505,2.6722376603700764,1.0,0.0,0.0,-0.30000000000000004,1,0,0,1,1,0,1,0,1,0,0,1,1,0,0,1,0,1,1,0,1,0,7,4,3,0.2978021252612725,0.5614687090419893,-0.06295553588167152,-1.7466720577160696e-05,7.51539883477277e-07,2.4819719324995575e-05,opposite_sign_council_search_k180,0.3325618787055053,0.2696063428238338,two_regime_assignment_union_k360
108,761,id05,2024-09-30,S3,0.1363746105228653,1e-05,-0.1363646105228653,-9.667181955353408,0.0009583569570691,-0.0005303757804193,False,False,False,0.5477176136830029,0.0807293478260866,0.4292918997179884,0.4293850806495001,1.95413131942511,0.4292918997179884,1.0,2.455748557677629,0.0807293478260866,0.0716573866238334,-0.1363636363636363,0.1193181818181818,2.455748557677629,0.0807293478260866,-1.9388028933239496,-3.693563896052988,-1.9813646004941687,-0.6744907594765952,2.455748557677629,0.0,0.0,0.0,0.2999999999999998,1,0,1,0,1,0,1,0,1,0,0,1,1,0,0,1,0,1,0,1,0,1,6,5,1,0.4333632940684948,0.692370670967487,0.039328725875657056,-2.974052712036959e-05,1.645906065083265e-05,2.4676678698915877e-05,opposite_sign_council_search_k180,0.1363746105228653,0.17570333639852234,two_regime_assignment_union_k360
83,584,id04,2024-09-14,S1,0.8190728007988063,0.966337911053276,0.1472651102544696,1.8470630966306032,-8.110553767694063e-05,-5.6052485424444264e-05,True,False,False,0.5178806996423403,0.0228866355099622,-1.131211454858408,0.7432760071677689,0.1503208129038943,-1.131211454858408,0.0,3.0250834314923076,-0.0453026266117145,0.0682129539345889,0.2456140350877192,0.2022703818369453,2.0083633017184925,0.0228866355099622,0.5373478768995865,-0.0231547909162452,0.0986378853649717,1.4409442969180215,3.0250834314923076,0.0,1.0,1.0,0.30000000000000004,1,0,0,1,0,1,0,1,1,0,1,0,1,0,1,0,0,1,1,0,1,0,7,4,3,0.3208307223589246,0.5871412074015441,0.04029852845970494,-1.3173161949620348e-05,-9.104045042104096e-06,2.4634601861390317e-05,subject_threshold_council_balanced_k180,0.8190728007988063,0.8593713292585112,two_regime_assignment_union_k360
80,566,id04,2024-09-10,S4,0.379814319090082,0.6150391598383347,0.2352248407482526,0.9588807442789374,9.341679394342184e-05,-4.630797865248462e-05,False,False,False,0.1973678541002231,-0.0327347766315334,0.0193324428392391,0.506095296186484,1.3984650292515894,-0.0193324428392391,0.0,2.63116961260084,-0.0327347766315334,-0.0220174767622728,-0.0087719298245614,0.008187134502924,2.63116961260084,-0.0327347766315334,1.2118696975286214,1.692709915450862,1.2403766602740571,0.2457141186433622,2.63116961260084,1.0,1.0,1.0,-0.29999999999999993,1,0,0,1,1,0,1,0,1,0,1,0,1,0,0,1,0,1,0,1,0,1,6,5,1,0.27507223344351933,0.6670604626179156,-0.06771788083688157,-2.9226823408682493e-05,1.448813492046108e-05,2.439043513399792e-05,opposite_sign_council_search_k180,0.379814319090082,0.31209643825320044,two_regime_assignment_union_k360
170,1194,id07,2024-08-18,S2,0.5535009853463879,0.943781614385835,0.390280629039447,2.605824610264533,0.0001789330907009,-9.902550080462038e-05,False,False,False,0.5803798345496414,-0.0195023833325629,-0.3458873775098897,1.047351770517963,3.749406606770475,0.3458873775098897,1.0,2.684122246635125,-0.0195023833325629,-0.0210135571330179,-0.2742857142857143,0.1536,2.684122246635125,-0.0195023833325629,0.3817239610611219,-0.0703893118247096,0.275261070421907,0.7607038640713479,2.684122246635125,0.0,1.0,1.0,-0.3000000000000004,1,0,1,0,0,1,1,0,1,0,1,0,1,0,0,1,1,0,0,1,0,1,7,4,3,0.2142769656482374,0.7312564925273082,-0.07478153711168017,-2.059997706631447e-05,1.1400479573477644e-05,2.4188264949052518e-05,opposite_sign_council_search_k180,0.5535009853463879,0.47871944823470775,two_regime_assignment_union_k360
137,964,id06,2024-07-17,S3,0.965694943919707,0.99999,0.034295056080293,8.175360224526347,-6.207144447739216e-05,0.0010405847310807,False,True,False,0.5119932696281027,-0.075210343969891,-0.9291264355244911,0.727065411055209,3.099740739488603,0.9291264355244911,1.0,0.3777877741165241,-0.075210343969891,-0.0041031406633703,0.0416666666666666,0.0364583333333333,0.3777877741165241,-0.075210343969891,-0.2821899226602726,0.1706909480212714,-0.5622778755812763,-0.2407904254510064,0.3777877741165241,1.0,0.0,0.0,-0.2999999999999998,1,0,1,0,0,1,1,0,1,0,0,1,1,0,1,0,0,1,1,0,1,0,8,3,5,0.2655650666297787,0.41174258409690145,-0.011452744279592864,2.2777508063011987e-06,-3.8184913049786974e-05,2.3671106044922532e-05,opposite_sign_council_search_k180,0.965694943919707,0.9542421996401141,two_regime_assignment_union_k360
187,1315,id08,2024-08-09,S4,0.5735022528678612,0.6633087462073357,0.0898064933394745,0.3819194326314069,-3.4445187048055945e-05,1.03720350871976e-05,False,False,False,0.1947410188761518,0.1222499643945539,0.0100560299455915,0.1291072611671626,-0.3177723067705348,0.0100560299455915,1.0,0.7750147607093915,0.1222499643945539,-0.1725468737786978,-0.1785714285714285,0.1470588235294117,0.7750147607093915,0.1222499643945539,-0.4213503277168297,-0.746922907466196,0.0200189413264724,-0.4236419443519475,0.7750147607093915,0.0,1.0,0.0,0.3000000000000001,1,0,1,0,1,0,1,0,0,1,0,1,1,0,0,1,0,1,1,0,0,1,6,5,1,0.19854403694427197,0.2784414511589494,0.07127383574585533,-2.7056900569890023e-05,8.147295634370923e-06,2.3489643671680885e-05,subject_threshold_council_balanced_k180,0.5735022528678612,0.6447760886137165,two_regime_assignment_union_k360
207,1455,id09,2024-08-12,S4,0.5473135038659307,0.6297777926797932,0.0824642888138624,0.3414417143674617,3.184172925145343e-05,-1.4296251514974915e-05,False,False,False,0.158640293764645,-0.0211014898930595,0.2979956640866692,0.1429771248651977,-0.2541864914038095,-0.2979956640866692,0.0,2.5605327072216895,-0.0211014898930595,-0.0990197579725729,0.0028694404591105,0.0019129603060736,2.5605327072216895,-0.0211014898930595,0.2451159606739241,0.6414847358105391,-0.6393131502182445,0.2041208545550845,2.5605327072216895,1.0,0.0,1.0,-0.30000000000000004,1,0,0,1,1,0,1,0,1,0,0,1,1,0,0,1,0,1,1,0,0,1,6,5,1,0.2105283984444027,0.4885787602498466,-0.07483018684431991,-2.797701151756621e-05,1.256107638294236e-05,2.3287450054172148e-05,opposite_sign_council_search_k180,0.5473135038659307,0.4724833170216108,two_regime_assignment_union_k360
204,1434,id09,2024-08-09,S4,0.6433469424421461,0.3353860378941561,-0.3079609045479899,-1.2738448090663994,-8.212614864811527e-05,-4.5734271529350226e-05,True,False,False,0.2724002786976404,-0.1138954861313868,-0.0847745678009762,0.1603056112895012,-0.0828373910135283,0.0847745678009762,1.0,0.772167874514078,-0.1138954861313868,0.0456450534683816,0.1793400286944045,0.1394866889845369,0.772167874514078,-0.1138954861313868,0.0486239836433434,1.4818636889799737,-1.0844509806243112,-0.4263880633322934,0.772167874514078,1.0,0.0,0.0,-0.30000000000000004,1,0,1,0,0,1,1,0,0,1,0,1,1,0,0,1,0,1,1,0,1,0,6,5,1,0.26181457782046647,0.26134421230263816,-0.0713702320495212,-1.9341323541987547e-05,-1.0770763723455969e-05,2.319019230906753e-05,subject_threshold_council_balanced_k180,0.6433469424421461,0.5719767103926249,two_regime_assignment_union_k360
169,1188,id07,2024-08-17,S3,0.7994116795180602,0.658863739160775,-0.1405479403572852,-0.7243866509670747,-1.932720636290084e-05,-4.930023442295793e-05,True,False,False,0.2080555182858248,-0.0337153189061868,0.0149763013888095,0.0366211538677652,-0.1494386313778358,-0.0149763013888095,0.0,2.243199620465228,-0.0337153189061868,0.0031689562908139,0.146938775510204,0.087126050420168,2.243199620465228,-0.0337153189061868,-0.2893777605706429,-0.7509167338896743,0.0357460971248026,-0.7229235804518609,2.243199620465228,0.0,1.0,0.0,-0.30000000000000004,1,0,0,1,1,0,1,0,0,1,0,1,1,0,1,0,1,0,0,1,1,0,7,4,3,0.16834751515670268,0.42293393805985235,-0.0524219401264836,-8.004236275101921e-06,-2.0417370070448235e-05,2.2876856976654078e-05,subject_threshold_council_balanced_k180,0.7994116795180602,0.7469897393915766,two_regime_assignment_union_k360
106,746,id04,2024-10-30,S2,0.6133729393121571,0.810846237171502,0.1974732978593448,0.9940056214337812,6.72252196273232e-05,-3.720391244692599e-05,False,False,False,0.3799618914222726,-0.1235723622860461,0.202346582256758,0.1918069539159278,-0.4292757550539001,-0.202346582256758,0.0,1.0695755823427189,-0.1235723622860461,-0.0018347959276142,-0.1452631578947367,0.086132507739938,1.0695755823427189,-0.1235723622860461,0.0338516039424685,0.0693869950238183,-0.023471815258212,0.3026800638094413,1.0695755823427189,1.0,0.0,1.0,-0.2999999999999998,1,0,0,1,1,0,1,0,1,0,1,0,1,0,0,1,0,1,1,0,0,1,7,4,3,0.12132096013365086,0.3407273991410957,-0.07308234386991552,-2.028918695560966e-05,1.1228481502930136e-05,2.283364604342597e-05,opposite_sign_council_search_k180,0.6133729393121571,0.5402905954422416,two_regime_assignment_union_k360
30,215,id02,2024-08-29,S3,0.8553726765818135,0.99999,0.1446173234181865,9.735538462418862,-0.0003134960636914,0.0020932863732248,False,False,False,0.5506060631963653,-0.0256301296568033,0.3312338528495215,0.0431513479040246,-0.6474961131105583,-0.3312338528495215,0.0,2.4791902883207704,-0.0666453366988324,-0.0338126774656824,0.1041666666666666,0.0810185185185185,2.593447494093237,-0.0256301296568033,0.0054266672286811,-0.1056794111752695,0.0385933138136836,-0.5270326459078949,2.4791902883207704,0.0,1.0,0.0,-0.3000000000000005,1,0,0,1,1,0,1,0,1,0,0,1,1,0,0,1,1,0,0,1,1,0,7,4,3,0.13882212050560644,0.5036252612074325,-0.04119661109473549,9.660361311341735e-06,-6.450448677200602e-05,2.25969748924584e-05,opposite_sign_council_search_k180,0.8553726765818135,0.814176065487078,two_regime_assignment_union_k360
89,629,id04,2024-09-23,S4,0.6256073885710184,0.497347547895469,-0.1282598406755493,-0.5240278975063679,-8.970143253377789e-06,-4.721680135247023e-05,True,False,False,0.0475433963409732,-0.0895822282914835,-0.1359742464385386,0.3423524233096477,0.9002562224509059,0.1359742464385386,1.0,1.7594569015735544,-0.0895822282914835,-0.0031702742523979,-0.5087719298245614,0.3748845798707294,1.7594569015735544,-0.0895822282914835,0.0607904987634767,-1.3390611733044215,0.1937218174765748,2.032156052657601,1.7594569015735544,0.0,1.0,1.0,-0.30000000000000004,1,0,1,0,0,1,1,0,1,0,1,0,1,0,0,1,1,0,0,1,0,1,7,4,3,0.2818363560880469,0.5467199135945326,-0.07245448552479528,-5.135304797356969e-06,-2.7031080736629942e-05,2.2557176681467492e-05,subject_threshold_council_balanced_k180,0.6256073885710184,0.5531529030462231,two_regime_assignment_union_k360
65,460,id03,2024-08-24,S3,0.52453738757865,0.3147640913281619,-0.209773296250488,-0.8761681860162822,3.049390635796082e-05,-1.6875997261081874e-05,False,False,False,0.2586565623595088,0.0854718736955248,0.1223534575951051,0.2812065360624281,0.6714406745035678,0.1223534575951051,1.0,1.7077469759882729,0.0854718736955248,-0.0524830842698024,0.5151515151515151,0.3606060606060606,1.7077469759882729,0.0854718736955248,1.2358027445619566,0.8047355276288839,1.3168781347872425,2.3093675386194543,1.7077469759882729,1.0,1.0,1.0,0.2999999999999998,1,0,1,0,1,0,1,0,0,1,1,0,1,0,1,0,1,0,1,0,1,0,10,1,9,0.3984607395622061,0.5356920628662519,0.07372456589290066,-1.0441113993173721e-05,5.778341714669922e-06,2.2519717458762853e-05,opposite_sign_council_search_k180,0.52453738757865,0.5982619534715506,two_regime_assignment_union_k360
91,643,id04,2024-09-25,S4,0.4595147354486395,0.5296403119065531,0.0701255764579136,0.2809967879027581,1.0217871294129326e-05,1.3972887428879684e-05,False,False,False,0.0541842636668229,-0.0947300082831271,0.6789229803211536,0.4815352961494928,-0.2192678733407105,-0.6789229803211536,0.0,1.7535625414097358,-0.0947300082831271,0.0015596981809836,-0.5087719298245614,0.4189886480908153,1.7535625414097358,-0.0947300082831271,0.2471416032679632,-0.0213628841746997,-0.76725886401295,2.032156052657601,1.7535625414097358,0.0,0.0,1.0,-0.2809967879027582,1,0,0,1,1,0,1,0,0,1,1,0,1,0,0,1,1,0,1,0,0,1,7,4,3,0.3464255084283298,0.5014032454357502,-0.06855817809568987,-1.021787129412933e-05,-1.3972887428879689e-05,2.247755469932667e-05,opposite_sign_council_search_k180,0.4595147354486395,0.39095655735294965,two_regime_assignment_union_k360
77,543,id03,2024-10-05,S2,0.5709790611049622,0.421123172995822,-0.1498558881091402,-0.6040111696612251,-2.5254041094042342e-05,1.3976140784699634e-05,False,False,False,0.131326387842377,-0.120204878151696,-0.1357569445805163,0.0894652456673772,-0.1839633935106219,0.1357569445805163,1.0,0.8240682506207001,-0.120204878151696,0.0207665439373342,-0.0109090909090908,0.0030545454545454,0.8240682506207001,-0.120204878151696,-0.4304991298526537,-0.0838538864346208,-1.0053441144743107,-0.1742703397690724,0.8240682506207001,0.0,0.0,0.0,-0.2999999999999997,1,0,1,0,0,1,1,0,0,1,1,0,1,0,1,0,1,0,1,0,1,0,9,2,7,0.18965191381889498,0.2585781982411274,-0.07451729902623616,-1.2543165935924669e-05,6.941663409571627e-06,2.237532080545187e-05,subject_threshold_council_balanced_k180,0.5709790611049622,0.49646176207872605,two_regime_assignment_union_k360
41,291,id02,2024-09-09,S2,0.9152538423877782,0.99999,0.0847361576122218,9.133374422073263,-0.0005917325833293,0.0003274778028873,False,False,False,0.5296476551642777,0.0800019586712124,0.3055627275304342,0.2872084975835789,0.9345875183453756,0.3055627275304342,1.0,1.4081159774517222,0.0800019586712124,-0.015248258362205,0.0833333333333333,0.0729166666666667,1.4081159774517222,0.0800019586712124,-1.221687356195561,-2.0489533764680123,-1.6680970027942192,0.0828321985322136,1.4081159774517222,0.0,0.0,1.0,0.3000000000000007,1,0,1,0,1,0,1,0,0,1,1,0,1,0,0,1,0,1,0,1,1,0,7,4,3,0.34109955197704356,0.5096518046436267,0.020554716752033686,-1.943638427543026e-05,1.0756521776747216e-05,2.2339340347101668e-05,subject_threshold_council_balanced_k180,0.9152538423877782,0.9358085591398119,two_regime_assignment_union_k360
155,1091,id07,2024-07-17,S4,0.4716258789487481,0.3268642154789165,-0.1447616634698316,-0.6087836744303433,-4.437385077821435e-05,-8.338204071014892e-07,True,False,False,0.2238023667355246,-0.0331261392452595,-0.0899233115602502,0.0809395429163369,0.2426092378716944,0.0899233115602502,1.0,2.418579936756026,-0.0331261392452595,-0.0630611085788023,0.5306122448979591,0.4126984126984127,2.418579936756026,-0.0331261392452595,0.3038603788052476,0.8852011219393835,0.8168642753909938,-1.6814428978925848,2.418579936756026,1.0,1.0,0.0,-0.2999999999999999,1,0,1,0,0,1,1,0,1,0,0,1,1,0,0,1,0,1,0,1,1,0,6,5,1,0.31252699830096237,0.4894119332312139,-0.07358110081924363,-2.186680719702425e-05,-4.1089492480972937e-07,2.229794100700353e-05,subject_threshold_council_balanced_k180,0.4716258789487481,0.3980447781295045,two_regime_assignment_union_k360
199,1398,id08,2024-09-18,S3,0.615057413970097,0.6336218806328135,0.0185644666627164,0.0791650370726136,1.1202322792704425e-05,1.0928037094442726e-05,False,False,False,0.1401194439647643,-0.0890516378400171,0.3897241287725627,0.1918666188206691,-0.3478623560039531,-0.3897241287725627,0.0,2.357264675052493,-0.0890516378400171,-0.0152977948492905,0.0042857142857143,0.00288,2.357264675052493,-0.0890516378400171,0.1577310445711682,-0.2756661573306067,0.4206282891376248,-0.0695903164539345,2.357264675052493,0.0,1.0,0.0,-0.07916503707261391,1,0,0,1,1,0,1,0,1,0,0,1,1,0,0,1,1,0,0,1,1,0,7,4,3,0.17459463089295674,0.48993445680755193,-0.018905585414325965,-1.1202322792704455e-05,-1.0928037094442756e-05,2.224434533441756e-05,opposite_sign_council_search_k180,0.615057413970097,0.5961518285557711,two_regime_assignment_union_k360
150,1055,id06,2024-08-24,S3,0.9719910779083728,0.99999,0.0279989220916272,7.966091945160931,-0.0006136014565124,0.0001246018925177,False,True,False,0.5097896227320696,0.0383052668107898,-1.1448446511400303,0.7335153473053331,-0.0409885927756756,-1.1448446511400303,0.0,2.6230454872997706,0.0383052668107898,0.0072005193506321,0.0299999999999999,0.0159157894736841,2.6230454872997706,0.0383052668107898,-0.3498116205192479,-0.3874871705109655,-1.3442961630606889,0.0874339873395584,2.6230454872997706,0.0,0.0,1.0,0.2999999999999976,1,0,0,1,0,1,1,0,1,0,1,0,1,0,0,1,0,1,0,1,1,0,6,5,1,0.3135855973562431,0.5685318580962146,0.007107671679925542,-2.310799802725818e-05,4.692459993262176e-06,2.211416616836262e-05,subject_threshold_council_balanced_k180,0.9719910779083728,0.9790987495882983,two_regime_assignment_union_k360
120,844,id05,2024-11-08,S2,0.2735950197434383,1e-05,-0.2735850197434383,-10.536456764467191,-0.000423197242583,0.0002342066451864,False,False,False,0.5957447569102033,-0.1539246121740585,0.1744125234141286,0.2965661116292021,0.0563548332664038,-0.1744125234141286,0.0,1.4093527382772866,-0.1539246121740585,-0.0844366464899972,-0.25,0.21875,1.4093527382772866,-0.1539246121740585,-1.33428959891112,-1.712242477435874,-2.747785207692825,0.6744907594765951,1.4093527382772866,0.0,0.0,1.0,-0.3000000000000005,1,0,0,1,1,0,1,0,1,0,1,0,1,0,1,0,1,0,1,0,0,1,9,2,7,0.41087388133885944,0.4184937273538117,-0.05544138571243476,-1.2049513001663748e-05,6.668465037781603e-06,2.194364967456374e-05,subject_threshold_council_balanced_k180,0.2735950197434383,0.21815363403100352,two_regime_assignment_union_k360
81,570,id04,2024-09-12,S1,0.73553571469134,0.8863641237780164,0.1508284090866763,1.0312356906010258,-3.872832024836704e-05,-1.261872175876357e-06,True,False,False,0.4391540669583532,0.0301121960328716,-0.6558391974435,0.7550891012682883,1.0656001741251138,-0.6558391974435,0.0,2.9690866290076463,0.0301121960328716,0.0192623689385768,0.2456140350877192,0.2292397660818713,2.9690866290076463,0.0301121960328716,0.6094594637807023,-0.5203298634261943,0.934011229006045,1.4409442969180215,2.9690866290076463,0.0,1.0,1.0,0.30000000000000004,1,0,0,1,0,1,1,0,1,0,1,0,1,0,1,0,0,1,1,0,1,0,8,3,5,0.3772348605780645,0.7209297800342186,0.05412688941195365,-1.1266576768438463e-05,-3.67095181259944e-07,2.18914098739725e-05,subject_threshold_council_balanced_k180,0.73553571469134,0.7896626041032937,two_regime_assignment_union_k360
231,1623,id10,2024-08-08,S4,0.6824418193176052,0.587787526420617,-0.0946542928969881,-0.410189625230873,-3.5136584531951735e-05,1.2721424779915695e-05,False,False,False,0.1209165289345629,-0.1339940442573246,0.1180065401881668,0.189875588843595,-0.2852708844941538,-0.1180065401881668,0.0,1.0414218358808385,-0.1339940442573246,-0.1406945283684261,0.1333333333333334,0.0982456140350877,1.0414218358808385,-0.1339940442573246,0.6167595569596621,0.5709233879241351,1.7679161222230448,-0.2620114836554217,1.0414218358808385,1.0,1.0,0.0,-0.2999999999999998,1,0,0,1,1,0,1,0,1,0,0,1,1,0,0,1,0,1,0,1,1,0,6,5,1,0.28830007669315677,0.35207229137331264,-0.06823833089825437,-2.569781074704799e-05,9.304056463706636e-06,2.1827712922246353e-05,subject_threshold_council_balanced_k180,0.6824418193176052,0.6142034884193509,two_regime_assignment_union_k360
45,318,id02,2024-10-01,S1,0.938964753482504,0.97239827331865,0.0334335198361461,0.828560701855467,0.0001115936115285,-0.000142913247007,False,False,False,0.4841000052613013,0.0147490967189732,-0.0342483431750686,0.7531679409794128,1.87003037471544,-0.0342483431750686,0.0,1.89117499480059,0.1369471729661996,-0.2174393812792102,0.0899999999999999,0.0533647058823529,2.690925182923433,0.0147490967189732,-0.4843123418339943,-0.6573386707605824,-1.5032183546095954,0.5668275656926336,1.89117499480059,0.0,0.0,1.0,-0.30000000000000027,0,1,1,0,1,0,0,1,1,0,0,1,0,1,1,0,1,0,1,0,0,1,6,5,1,0.2711755658103164,0.6704510383446196,-0.019631190179706492,-4.0405106570453746e-05,5.174512139678097e-05,2.131181473708263e-05,opposite_sign_council_search_k180,0.938964753482504,0.9193335633027975,two_regime_assignment_union_k360
160,1125,id07,2024-07-22,S3,0.7873493704769046,0.7143127561058928,-0.0730366143710117,-0.3925982541965218,8.700946535011462e-06,3.5667171065857657e-06,False,False,False,0.2398755711357469,0.0654826767623422,0.1279841671029806,0.0760291087195654,0.3942480505252757,0.1279841671029806,1.0,2.698446217338098,0.0654826767623422,-0.0003162123862449,0.2040816326530612,0.1360544217687074,2.698446217338098,0.0654826767623422,0.7177215678030952,0.0970746690152949,1.0329279992551088,0.8847061964815209,2.698446217338098,1.0,1.0,1.0,0.3000000000000007,1,0,1,0,1,0,1,0,0,1,1,0,1,0,1,0,1,0,1,0,1,0,10,1,9,0.2589522368456513,0.5151337959902326,0.045926119039047086,-6.648740621237765e-06,-2.7254709376270372e-06,2.115698151510771e-05,opposite_sign_council_search_k180,0.7873493704769046,0.8332754895159517,two_regime_assignment_union_k360
39,279,id02,2024-09-07,S4,0.7145865712774989,0.8117323306816316,0.0971457594041327,0.5435405233562088,3.8231923671432926e-05,-8.322198040506743e-08,False,False,False,0.3457333464730781,-0.0169558115786371,0.0173733906857792,0.1634735007347192,-0.090152891227903,-0.0173733906857792,0.0,1.293078891640095,-0.0169558115786371,0.013699489828334,-0.5147058823529411,0.4003267973856209,1.293078891640095,-0.0169558115786371,0.5059348588836551,0.6665354896758297,-0.5433897038822297,2.0533573759198953,1.293078891640095,1.0,0.0,1.0,-0.2999999999999996,1,0,0,1,1,0,1,0,0,1,1,0,1,0,0,1,0,1,1,0,0,1,6,5,1,0.28050322616059103,0.35576983012037605,-0.06487641865851523,-2.110160440404419e-05,4.5933270931408287e-08,2.112637301704045e-05,opposite_sign_council_search_k180,0.7145865712774989,0.6497101526189837,two_regime_assignment_union_k360
200,1403,id08,2024-09-20,S1,0.575160805490538,0.6089662547971615,0.0338054493066234,0.1400300622485799,1.347119341019395e-05,1.8339166605417e-05,False,False,False,0.1207981620544796,0.021101984344001,-0.1881065922828956,0.3299437192901205,0.4099858729267451,-0.1881065922828956,0.0,2.2322458744854448,-0.0180627593226706,-0.0368864949908198,-0.0814285714285714,0.0482823529411764,2.6676224916104463,0.021101984344001,1.0162181972980924,1.427300649530662,1.517417843676779,-0.3961227389589454,2.2322458744854448,1.0,1.0,0.0,-0.14003006224858008,0,1,1,0,1,0,1,0,1,0,1,0,0,1,0,1,0,1,0,1,1,0,6,5,1,0.3176838249935429,0.5530585078896444,-0.034523422310270835,-1.3471193410193963e-05,-1.8339166605417015e-05,2.090460452633276e-05,opposite_sign_council_search_k180,0.575160805490538,0.5406373831802672,two_regime_assignment_union_k360
101,712,id04,2024-10-24,S3,0.5868181201976573,0.2727821882724226,-0.3140359319252347,-1.3313794470816445,-9.557330178266787e-06,-0.0002096526376362,True,False,False,0.3371303879014095,-0.056180061787536,-0.2341219351742297,0.0591855591131728,0.3349737895164997,0.2341219351742297,1.0,2.0810463003666224,-0.0600201387419913,0.0068487657656654,-0.543859649122807,0.5076023391812866,3.1011583385189176,-0.056180061787536,0.3098105681615533,-0.8674576621492447,0.0076113175759607,2.440847218829317,2.0810463003666224,0.0,1.0,1.0,-0.30000000000000027,1,0,1,0,0,1,1,0,0,1,1,0,1,0,0,1,1,0,0,1,0,1,6,5,1,0.2843379007323975,0.4862442824518572,-0.07411409440130967,-2.1535551414473755e-06,-4.724107122784803e-05,2.0903482639309055e-05,subject_threshold_council_balanced_k180,0.5868181201976573,0.5127040257963477,two_regime_assignment_union_k360
7,52,id01,2024-08-09,S1,0.3998625600970327,0.7663031771586641,0.3664406170616314,1.5935910448316597,0.0001557136005244,-0.0002059545883493,False,False,False,0.3945573931302351,-0.0403370220524615,0.6431601115770784,0.3129240325249177,-0.5489811968238467,-0.6431601115770784,0.0,2.0921845255204268,0.0533535374297229,-0.0141853452316599,0.3658536585365853,0.2226935312831389,2.879487942491632,-0.0403370220524615,-0.3045845574538518,1.078902316595722,-1.0873205488668327,-1.993798213932693,2.0921845255204268,1.0,0.0,0.0,-0.30000000000000004,1,0,0,1,1,0,0,1,1,0,0,1,1,0,1,0,0,1,1,0,1,0,7,4,3,0.4073046511373122,0.583320301340811,-0.06938762977544621,-2.931371904280612e-05,3.877178947836229e-05,2.0874308166172448e-05,opposite_sign_council_search_k180,0.3998625600970327,0.3304749303215865,two_regime_assignment_union_k360
239,1678,id10,2024-09-16,S3,0.4668245075087175,0.4563143254059122,-0.0105101821028052,-0.0422921696033404,-1.0632827715950788e-05,-1.035133869745188e-05,True,False,False,0.0473642383300695,-0.0177169508938423,0.1743940906241456,0.1021214883860383,-0.6008103079064553,-0.1743940906241456,0.0,1.211138549784933,-0.0161410019661287,-0.0134918764982992,0.0109090909090908,0.007330909090909,2.3107727501738538,-0.0177169508938423,0.098891485725778,0.4260109527728282,-0.0738679988732214,-0.0999245569594952,1.211138549784933,1.0,0.0,0.0,-0.0422921696033402,1,0,0,1,1,0,1,0,1,0,0,1,1,0,0,1,0,1,1,0,1,0,7,4,3,0.09955855314121335,0.40327575251053766,-0.010510182102805132,-1.0632827715950717e-05,-1.0351338697451814e-05,2.0858722912916973e-05,subject_threshold_council_balanced_k180,0.4668245075087175,0.4563143254059124,two_regime_assignment_union_k360
10,76,id01,2024-08-13,S4,0.3339594637695455,0.5348387465646399,0.2008792827950944,0.8299120803663231,6.239123446112343e-05,-5.850717828268462e-05,False,False,False,0.1051464955429229,-0.0190534975317971,0.6940448413815797,0.0525040913037537,-1.2000536341672563,-0.6940448413815797,0.0,2.788860033745717,-0.0190534975317971,-0.0104302464880275,-0.2378048780487804,0.1752246469833119,2.788860033745717,-0.0190534975317971,0.2044159180264457,-1.0356897799816045,0.5495396444872608,1.064022244600676,2.788860033745717,0.0,1.0,1.0,-0.30000000000000004,1,0,0,1,1,0,1,0,1,0,1,0,1,0,0,1,1,0,0,1,0,1,7,4,3,0.34248385895939504,0.6071982258503112,-0.06311274292347385,-2.255343762447124e-05,2.1149413172848223e-05,2.0815959666035552e-05,opposite_sign_council_search_k180,0.3339594637695455,0.27084672084607164,two_regime_assignment_union_k360
179,1256,id07,2024-08-30,S1,0.638022466155614,0.780472702683114,0.1424502365275,0.7016318316292137,-1.9734475248075036e-05,-3.4932772352239324e-05,True,False,False,0.3303302854677389,0.1305075897296104,0.1590589216727048,0.6351262840245715,1.5190815553024004,0.1590589216727048,1.0,0.832321215265073,0.1305075897296104,0.0060810308635355,-0.0930612244897959,0.0312685714285714,0.832321215265073,0.1305075897296104,-0.3105964069675653,-0.4081138502492804,0.0116486947103645,-0.4614657953460166,0.832321215265073,0.0,1.0,0.0,0.2999999999999998,1,0,1,0,1,0,1,0,1,0,0,1,1,0,0,1,0,1,1,0,0,1,7,4,3,0.1758570223641089,0.4583615458320728,0.06605513965190002,-8.437961773591805e-06,-1.4936368666936411e-05,2.060664642011633e-05,subject_threshold_council_balanced_k180,0.638022466155614,0.7040776058075139,two_regime_assignment_union_k360
71,500,id03,2024-09-17,S1,0.7699856752060736,0.99999,0.2300043247939264,10.304685142575067,0.000476862358197,-0.0021969311914002,False,False,False,0.5804915136778743,0.1008106160583941,0.4071054806032417,0.1112584061766781,0.3996308897093389,0.4071054806032417,1.0,0.837834895559606,0.1008106160583941,-0.065136525416041,0.0109090909090908,0.0061090909090908,0.837834895559606,0.1008106160583941,-0.0260793016183638,-0.2698335410773917,0.331547941343551,0.1225573115011096,0.837834895559606,0.0,1.0,1.0,0.2999999999999998,1,0,1,0,1,0,1,0,0,1,1,0,1,0,0,1,0,1,1,0,1,0,8,3,5,0.17098098231589642,0.2925493401442054,0.04881311740916694,1.3882880018143538e-05,-6.395919412394454e-05,2.0566406092737527e-05,subject_threshold_council_balanced_k180,0.7699856752060736,0.8187987926152406,two_regime_assignment_union_k360
39,278,id02,2024-09-07,S3,0.8640822094383935,0.99999,0.1359077905616065,9.66329777263322,0.0004493145639207,-4.363005526968259e-06,False,False,False,0.5475577266965623,-0.0238295813682204,0.0471404319867514,0.2550040789811518,0.3175456053134855,-0.0471404319867514,0.0,1.8436460806348296,-0.0652063240529533,-0.0047621748460287,0.1041666666666666,0.0810185185185185,2.511711175771638,-0.0238295813682204,0.3216347901579872,1.7767697465451635,-0.91359140332775,-0.5270326459078949,1.8436460806348296,1.0,0.0,0.0,-0.2999999999999994,1,0,0,1,1,0,1,0,1,0,0,1,1,0,0,1,0,1,1,0,1,0,7,4,3,0.2524382839130767,0.4866492570417451,-0.039223701571718395,-1.3949106438381461e-05,1.3545082526560736e-07,2.0325046175917056e-05,opposite_sign_council_search_k180,0.8640822094383935,0.8248585078666751,two_regime_assignment_union_k360
122,859,id05,2024-11-14,S3,0.1478002888054552,1e-05,-0.1477902888054552,-9.760956525289442,-3.5167569410043615e-05,-0.0008138588774257,True,False,False,0.5517166010819093,-0.2548268940686946,0.3938542403284004,0.4877219911959463,0.0196898224396753,-0.3938542403284004,0.0,0.8113452038138668,-0.2548268940686946,0.0380586498541539,0.1969696969696969,0.1838383838383838,0.8113452038138668,-0.2548268940686946,-1.4292809915330662,-0.2481843370084651,-3.5320422352505507,-0.952058973252972,0.8113452038138668,0.0,0.0,0.0,-0.30000000000000004,1,0,0,1,1,0,1,0,0,1,0,1,1,0,1,0,1,0,1,0,1,0,8,3,5,0.4185404379710047,0.34597059217028026,-0.03394569787277564,-1.0808644414795443e-06,-2.5013702560310648e-05,2.0283252531259696e-05,subject_threshold_council_balanced_k180,0.1478002888054552,0.11385459093267956,two_regime_assignment_union_k360
47,335,id02,2024-10-04,S4,0.864315584180961,0.99999,0.135674415819039,9.661309220693086,-7.125359056375427e-05,0.0011568583746141,False,False,False,0.5474760455366637,0.0278725533834326,-1.005834814778872,0.2528408592152883,-1.3300091113824624,-1.005834814778872,0.0,2.348693408457298,0.0436628452654394,-1.7483062805649236e-05,-0.06,0.03024,2.451952163163579,0.0278725533834326,-0.0680215865231481,-0.0630258224755567,-0.6782345796366633,0.0,2.348693408457298,0.0,0.0,0.0,-0.30000000000000004,0,1,1,0,1,0,0,1,1,0,1,0,0,1,1,0,1,0,1,0,0,0,7,3,4,0.21896443298285478,0.5973134651925988,-0.039169981837911205,2.2125445610768684e-06,-3.592241014715593e-05,1.9904448103544106e-05,opposite_sign_council_search_k180,0.864315584180961,0.8251456023430498,two_regime_assignment_union_k360
51,360,id02,2024-10-08,S1,0.9523850982417124,0.8955896641248167,-0.0567954341168956,-0.8466700228175261,-0.0001164711017274,0.000164128857472,False,True,False,0.4154680660657301,-0.0644787113781695,-0.2967456035297569,0.7531679409794128,2.705569140654546,0.2967456035297569,1.0,2.5124225291535747,0.0990720818339989,-0.1313337636266668,0.0899999999999999,0.0377999999999999,2.6467140739893753,-0.0644787113781695,0.6771348824466742,-1.2752231397220664,3.6566239393653217,-0.444270254191524,2.5124225291535747,0.0,1.0,0.0,-0.30000000000000027,1,0,1,0,0,1,0,1,1,0,0,1,1,0,0,1,1,0,0,1,1,0,6,5,1,0.35320354162144946,0.7274193107072863,-0.015605338832344162,-4.126912442459812e-05,5.815566385327191e-05,1.9664111310398785e-05,subject_threshold_council_balanced_k180,0.9523850982417124,0.9367797594093682,two_regime_assignment_union_k360
114,801,id05,2024-10-11,S1,0.5254260192168303,0.4402752250055555,-0.0851507942112748,-0.3418370266281599,-9.218092505865082e-06,-1.5907379920207336e-05,True,False,False,0.0895275529683906,-0.1186600963488796,0.191840430957175,0.3846040888364939,0.5494876879957611,-0.191840430957175,0.0,2.175010192120025,-0.1186600963488796,-0.4500611193807292,-0.3661616161616162,0.3417508417508418,2.175010192120025,-0.1186600963488796,0.3215645774265145,0.1611843324013637,-0.810747531375528,2.1180853881187214,2.175010192120025,1.0,0.0,1.0,-0.30000000000000004,1,0,0,1,1,0,1,0,1,0,1,0,1,0,0,1,0,1,1,0,0,1,7,4,3,0.32892300144419456,0.5686156137903452,-0.07481645712415724,-8.089901141012657e-06,-1.396049463434303e-05,1.9559931158774337e-05,subject_threshold_council_balanced_k180,0.5254260192168303,0.45060956209267305,two_regime_assignment_union_k360
249,1749,id10,2024-09-27,S4,0.807074839684664,0.6195974358415292,-0.1874774038431348,-0.943274160015192,-2.5970754894240654e-05,-9.045748128269796e-05,True,False,False,0.1852145271866263,-0.1814572493943209,-0.6180313931148331,0.11993548512665,0.8093788430804534,0.6180313931148331,1.0,0.7928884163229473,-0.1814572493943209,0.0069048304926663,0.12,0.0465230769230769,0.7928884163229473,-0.1814572493943209,0.2674176195477046,1.0516824691414908,-0.0179665637400461,-0.2143730320817084,0.7928884163229473,1.0,0.0,0.0,-0.3000000000000005,1,0,1,0,0,1,1,0,0,1,0,1,1,0,0,1,0,1,1,0,1,0,6,5,1,0.27610102989106733,0.355144335934515,-0.05103040358771038,-8.259768791023308e-06,-2.8769201505925243e-05,1.9305726700689383e-05,subject_threshold_council_balanced_k180,0.807074839684664,0.7560444360969536,two_regime_assignment_union_k360
58,411,id02,2024-10-16,S3,0.9080164948239516,0.99999,0.0919735051760484,9.223262189792507,0.0002813973134133,7.744156120667407e-05,False,False,False,0.532180726811617,-0.0377584608906447,-0.328938979987591,0.1910479081147826,0.8549045021799925,0.328938979987591,1.0,1.9050820721970547,-0.0695832362815462,0.016837548875375,-0.045,0.014175,2.479198817951851,-0.0377584608906447,-0.0067873737344513,-0.142231975559317,-0.2532403628735193,0.1561321202492122,1.9050820721970547,0.0,0.0,1.0,-0.29999999999999916,1,0,1,0,0,1,1,0,0,1,1,0,1,0,1,0,1,0,1,0,0,1,8,3,5,0.1266179734927537,0.513439057342001,-0.028310043930947937,-9.15285636327673e-06,-2.5188992662177377e-06,1.9223195467118635e-05,opposite_sign_council_search_k180,0.9080164948239516,0.8797064508930037,two_regime_assignment_union_k360
57,404,id02,2024-10-15,S3,0.9000106870069393,0.99999,0.0999793129930607,9.3155721374265,0.0004956196805788,0.0002031658486555,False,False,False,0.5349827595475714,-0.2042174364963504,-0.3152522691410266,0.2696711449022098,0.7675230367380839,0.3152522691410266,1.0,1.017241255126064,-0.2042174364963504,-0.0244318413453671,-0.045,0.0146322580645161,1.017241255126064,-0.2042174364963504,0.3024507192346292,0.6106486392267152,0.3288832633215698,0.1561321202492122,1.017241255126064,1.0,1.0,1.0,-0.2999999999999996,1,0,1,0,0,1,1,0,1,0,1,0,1,0,0,1,0,1,0,1,0,1,6,5,1,0.23587428993460516,0.40887031781552746,-0.030420139841150884,-1.5961006149721837e-05,-6.542781666817536e-06,1.887191371047896e-05,opposite_sign_council_search_k180,0.9000106870069393,0.8695905471657884,two_regime_assignment_union_k360
79,557,id03,2024-10-10,S2,0.5359497261060353,0.1464282652222089,-0.3895214608838263,-1.906941401957395,-6.577518199648658e-05,3.6401429786973954e-05,False,False,False,0.4899042460871302,-0.1188373709555204,-1.1945658127343606e-05,0.083410899352618,-0.4057903708671959,1.1945658127343606e-05,1.0,0.9810723628642984,-0.1188373709555204,-0.0526366685921447,-0.0109090909090908,0.0026820399113081,0.9810723628642984,-0.1188373709555204,-0.4532903907811995,0.3842940331730863,-1.6428816628690228,-0.1742703397690724,0.9810723628642984,1.0,0.0,0.0,-0.3000000000000003,1,0,1,0,0,1,1,0,1,0,1,0,1,0,1,0,0,1,1,0,1,0,9,2,7,0.20998148182588094,0.3228003961232221,-0.0748590312881367,-1.0347750895067546e-05,5.726672526425216e-06,1.8694311830616783e-05,subject_threshold_council_balanced_k180,0.5359497261060353,0.4610906948178986,two_regime_assignment_union_k360
175,1231,id07,2024-08-26,S4,0.6489926902007492,0.6123045288472575,-0.0366881613534917,-0.1576048129616951,-2.3018578769948266e-07,-4.720186604107241e-05,True,False,False,0.1251453853209796,0.0120869174089889,-0.816227196052248,0.0790104693801216,-1.9464045014605524,-0.816227196052248,0.0,1.0262240674998382,-0.0385739230369694,0.0008803909823778,-0.0979591836734694,0.0379780219780219,2.6196401497102566,0.0120869174089889,-0.0403536648984656,0.0335924131707415,0.0180660939380923,-0.1356237549904685,1.0262240674998382,1.0,1.0,0.0,-0.15760481296169515,0,1,1,0,1,0,1,0,0,1,1,0,0,1,1,0,0,1,0,1,1,0,6,5,1,0.1576410197233713,0.46518168858864256,-0.03668816135349173,-2.3018578769948263e-07,-4.720186604107241e-05,1.8651443846947183e-05,subject_threshold_council_balanced_k180,0.6489926902007492,0.6123045288472575,two_regime_assignment_union_k360
163,1144,id07,2024-07-25,S1,0.4612644182844033,0.5240702804418076,0.0628058621574043,0.2516090275281439,-1.1040082716421031e-05,-4.458462777425913e-06,True,False,False,0.046052332196899,0.1189020873471786,0.8661065077199893,0.6501234699792392,3.0022427904425455,0.8661065077199893,1.0,1.1324545693259869,0.1189020873471786,-0.01602055994668,0.2040816326530612,0.1587301587301587,1.1324545693259869,0.1189020873471786,-0.2257307820409141,-0.7080570171561483,-0.6790731024052854,1.2076480660500537,1.1324545693259869,0.0,0.0,1.0,0.25160902752814396,1,0,1,0,1,0,1,0,0,1,1,0,1,0,0,1,0,1,0,1,1,0,7,4,3,0.38449537967699476,0.57225343597419,0.0628058621574043,-1.1040082716421033e-05,-4.458462777425913e-06,1.8455985936918284e-05,subject_threshold_council_balanced_k180,0.4612644182844033,0.5240702804418076,two_regime_assignment_union_k360
63,446,id03,2024-08-21,S3,0.5001740518619896,0.3614108200231163,-0.1387632318388733,-0.5699422273639789,1.6835361848608823e-05,-1.511025265011266e-05,False,False,False,0.1871563111204893,0.0891386795467469,0.1475598889940088,0.2088807182865232,0.5684161141773357,0.1475598889940088,1.0,1.911451465599464,0.0891386795467469,0.0723594245151969,0.5151515151515151,0.3795853269537479,1.911451465599464,0.0891386795467469,0.9742855147417588,0.2134247272792741,1.1541049227861702,2.3093675386194543,1.911451465599464,1.0,1.0,1.0,0.3000000000000003,1,0,1,0,1,0,1,0,1,0,1,0,1,0,1,0,1,0,1,0,1,0,11,0,11,0.3514803888592945,0.5232982583682186,0.07443864982673831,-8.861614935854211e-06,7.953570690839285e-06,1.8312867545503697e-05,opposite_sign_council_search_k180,0.5001740518619896,0.5746127016887279,two_regime_assignment_union_k360
154,1081,id07,2024-07-16,S1,0.7709678281679145,0.7415725708507332,-0.0293952573171812,-0.1596260523606547,9.910546977551207e-06,6.465338887035025e-06,False,False,False,0.2518609109117466,0.0245451357526715,-0.4238204125983721,0.5710128024863207,0.8584253032146179,-0.4238204125983721,0.0,2.7119724380514043,0.0245451357526715,-0.0414369074256293,0.2040816326530612,0.1680672268907563,2.7119724380514043,0.0245451357526715,0.0768985349713943,-1.0521535737950052,0.0282554677072113,1.2076480660500537,2.7119724380514043,0.0,1.0,1.0,0.15962605236065563,1,0,0,1,0,1,1,0,0,1,1,0,1,0,1,0,0,1,1,0,1,0,7,4,3,0.2582024310978675,0.6461761873821463,0.026962738312747647,-9.910546977551263e-06,-6.465338887035061e-06,1.8217949774534267e-05,opposite_sign_council_search_k180,0.7709678281679145,0.7979305664806622,two_regime_assignment_union_k360
98,689,id04,2024-10-19,S1,0.6371260254955748,0.8659639285075778,0.2288379030120029,1.3028224188184354,-4.045452970176974e-05,3.063706269022761e-05,False,False,False,0.4460571945617788,0.02839984688262,0.6034435972394171,0.0442126930763675,1.249824699003146,0.6034435972394171,1.0,2.857073024275796,0.02839984688262,-0.0540323488842914,0.2456140350877192,0.2149122807017544,2.857073024275796,0.02839984688262,1.3592294978990664,0.8029058138674154,1.845898215204256,1.4409442969180215,2.857073024275796,1.0,1.0,1.0,0.2999999999999998,1,0,1,0,1,0,1,0,0,1,1,0,1,0,1,0,1,0,1,0,1,0,10,1,9,0.4405506256286537,0.6327929263058606,0.06614264519880975,-9.315436037351663e-06,7.054774829100615e-06,1.8215388636285684e-05,subject_threshold_council_balanced_k180,0.6371260254955748,0.7032686706943846,two_regime_assignment_union_k360
195,1369,id08,2024-09-10,S2,0.5081526608341731,0.8698998274350374,0.3617471666008642,1.867459818428878,-1.5273839820612285e-05,-0.0001559039957826,True,False,False,0.4965113357453398,0.0347774907132792,-0.0225061111283787,0.4252106485950196,1.229770733460979,-0.0225061111283787,0.0,2.876110275349079,0.0347774907132792,-0.0048255328650376,0.3928571428571429,0.34375,2.876110275349079,0.0347774907132792,0.4560869631777741,0.1626067902333249,-0.1471505035594647,1.181626668857494,2.876110275349079,1.0,0.0,1.0,0.3000000000000003,1,0,0,1,0,1,1,0,0,1,1,0,1,0,1,0,1,0,0,1,1,0,7,4,3,0.19000735444986028,0.6418940882348751,0.07424249282346673,-2.4536816808399784e-06,-2.5045357481443547e-05,1.8043864919106564e-05,subject_threshold_council_balanced_k180,0.5081526608341731,0.5823951536576398,two_regime_assignment_union_k360
155,1088,id07,2024-07-17,S1,0.9123500859839602,0.99999,0.0876399140160398,9.170242312672382,-0.000364688000569,-8.168330772486468e-06,True,False,False,0.530663969905614,0.0185651463721705,-1.553187372537019,0.5714907734202229,-1.2337411409571657,-1.553187372537019,0.0,2.8322168227152917,0.0710468039448915,0.0372547593130799,0.2040816326530612,0.1587301587301587,2.955820772590644,0.0185651463721705,-0.2853096730381753,-2.2416202746496503,0.2502900873377359,1.2076480660500537,2.8322168227152917,0.0,1.0,1.0,0.30000000000000027,1,0,0,1,0,1,1,0,1,0,1,0,1,0,0,1,0,1,1,0,1,0,7,4,3,0.4101673203259005,0.7109700549697464,0.02120787965769022,-1.1930589884142181e-05,-2.672229531339201e-07,1.7939939780255866e-05,subject_threshold_council_balanced_k180,0.9123500859839602,0.9335579656416504,two_regime_assignment_union_k360
136,957,id06,2024-07-16,S3,0.9698829882809477,0.99999,0.0301070117190523,8.040830216836953,-0.0003718268800492,-0.0002394859108745,True,True,False,0.5105274541016683,0.12821490778653,-1.078006045728273,0.7414150135695974,-0.2935626513151816,-1.078006045728273,0.0,1.4314126375295515,0.12821490778653,0.0103317162875655,0.0416666666666666,0.0388888888888888,1.4314126375295515,0.12821490778653,-0.7978415522853247,-1.5264321631536333,-0.936783750017858,0.1408658684915112,1.4314126375295515,0.0,0.0,1.0,0.3000000000000038,1,0,0,1,0,1,1,0,1,0,1,0,1,0,0,1,0,1,0,1,1,0,6,5,1,0.405978599459724,0.5186476269581665,0.007630253985909885,-1.3872704808664113e-05,-8.935118803022541e-06,1.7913401825627845e-05,subject_threshold_council_balanced_k180,0.9698829882809477,0.9775132422668575,two_regime_assignment_union_k360
138,969,id06,2024-07-18,S1,0.9262208792442524,0.99999,0.0737691207557476,8.982878503210316,0.0004607803287459,0.0001571903990075,False,False,False,0.5258091922645117,0.1422460379562044,-0.5253330109741645,0.7033462503619119,0.4846215005962144,-0.5253330109741645,0.0,0.9856409035985316,0.1422460379562044,-0.0199668988683981,0.0625,0.0514705882352941,0.9856409035985316,0.1422460379562044,-0.3586513967352607,-0.4824351075736411,-0.7600997101095626,0.4123542876547763,0.9856409035985316,0.0,0.0,1.0,-0.30000000000000027,0,1,1,0,1,0,0,1,1,0,0,1,0,1,1,0,1,0,1,0,0,1,6,5,1,0.2994272660920733,0.44787062520612775,-0.023306280125047096,-1.5388619424652676e-05,-5.249666872976411e-06,1.785424344948185e-05,opposite_sign_council_search_k180,0.9262208792442524,0.9029145991192054,two_regime_assignment_union_k360
78,551,id03,2024-10-06,S3,0.4287262596848446,0.2061757210300127,-0.2225505386548319,-1.0610834318114222,4.728432815922006e-05,-2.308950148593276e-05,False,False,False,0.3717169674991785,0.0441646221529691,0.397753661169507,0.1713284090521668,0.5298143676228511,0.397753661169507,1.0,0.7358722382235678,0.0441646221529691,0.0081613473674021,0.0109090909090908,0.0029719901719901,0.7358722382235678,0.0441646221529691,-0.6495608361578635,-0.8121738233759825,-0.9323490281034078,0.0,0.7358722382235678,0.0,0.0,0.0,0.3000000000000002,1,0,1,0,1,0,1,0,1,0,1,0,1,0,0,1,0,1,0,1,0,0,7,3,4,0.2619433922762205,0.32076814678114196,0.07451122658641213,-1.3368692811977738e-05,6.528092172690607e-06,1.783680394919228e-05,opposite_sign_council_search_k180,0.4287262596848446,0.5032374862712568,two_regime_assignment_union_k360
192,1349,id08,2024-09-05,S3,0.6118612598193932,0.7273480619729494,0.1154868021535562,0.5260663945739499,-2.3472330921081853e-05,4.889818943937721e-06,False,False,False,0.2677684427266941,0.1264837938422723,0.467138627754588,0.2558023979547256,1.1022672126888224,0.467138627754588,1.0,1.2828786271151449,0.1264837938422723,-0.0006934969043815,0.3392857142857143,0.3166666666666667,1.2828786271151449,0.1264837938422723,-0.1922879015726881,-0.3565592346507846,-1.22756874620339,1.5039240611433613,1.2828786271151449,0.0,0.0,1.0,0.29999999999999993,1,0,1,0,1,0,1,0,0,1,1,0,1,0,0,1,0,1,0,1,1,0,7,4,3,0.3506002282949981,0.4993943533361177,0.06843697466410692,-1.338557138215886e-05,2.7885181382273326e-06,1.7813845117641484e-05,subject_threshold_council_balanced_k180,0.6118612598193932,0.6802982344835001,two_regime_assignment_union_k360
202,1419,id09,2024-08-07,S3,0.7131820076644508,0.6897717425798623,-0.0234102650845885,-0.1118364222993539,7.030456767387076e-06,-3.890809126184806e-06,False,False,False,0.1979653353594682,0.0437769906940954,0.2446752294054368,0.2731748657220118,1.327174011821746,0.2446752294054368,1.0,3.035698601614544,0.0437769906940954,0.0326946258099208,0.2926829268292683,0.2560975609756097,3.035698601614544,0.0437769906940954,1.2539024568955348,1.2736481272327145,1.043986673429088,1.290489095367145,3.035698601614544,1.0,1.0,1.0,0.1118364222993542,1,0,1,0,1,0,1,0,1,0,1,0,1,0,1,0,1,0,1,0,1,0,11,0,11,0.3882923432438821,0.6720389456480618,0.022321095246770062,-7.03045676738709e-06,3.890809126184814e-06,1.762521511256779e-05,opposite_sign_council_search_k180,0.7131820076644508,0.7355031029112209,two_regime_assignment_union_k360
14,103,id01,2024-09-02,S3,0.8398878980738034,0.99999,0.1601021019261966,9.855521243608342,2.3951697209285664e-06,0.0007870148470735,False,False,False,0.5560257356741689,0.152786627737227,-0.0908497078858061,0.1970440788307277,-0.298993541491401,-0.0908497078858061,0.0,0.7846701823355352,0.152786627737227,-0.0178432859666388,-0.2546341463414634,0.1711141463414634,0.7846701823355352,0.152786627737227,-0.929122602124854,-1.23351134595182,-0.4590344412751854,-1.216154973726544,0.7846701823355352,0.0,0.0,0.0,-0.30000000000000004,0,1,1,0,1,0,0,1,1,0,1,0,0,1,1,0,1,0,1,0,1,0,8,3,5,0.34043011680716995,0.3206566341659092,-0.044552034070693636,-7.290846404948659e-08,-2.3956566911688474e-05,1.759173979902438e-05,opposite_sign_council_search_k180,0.8398878980738034,0.7953358640031097,two_regime_assignment_union_k360
0,3,id01,2024-07-31,S1,0.5202725253271271,0.7007182119538639,0.1804456866267367,0.7695856817190561,-1.146470621088448e-05,-2.086345507667877e-05,True,False,False,0.2638742022732217,0.1111694715328465,0.5231629466474207,0.0542511896190682,0.5955550745343867,0.5231629466474207,1.0,1.2804303776439756,0.1111694715328465,-0.0469428404675651,0.3658536585365853,0.3201219512195122,1.2804303776439756,0.1111694715328465,0.3564007646663005,0.5711611522258926,-0.9994470823328996,2.1163555254338027,1.2804303776439756,1.0,0.0,1.0,0.2999999999999997,1,0,1,0,1,0,1,0,0,1,1,0,1,0,1,0,1,0,0,1,1,0,9,2,7,0.38915333583236245,0.42941030052440887,0.07387419530940775,-4.4691734071540695e-06,-8.13299502795134e-06,1.7575367833322544e-05,subject_threshold_council_balanced_k180,0.5202725253271271,0.5941467206365348,two_regime_assignment_union_k360
131,920,id06,2024-07-10,S1,0.4782361938916355,0.8078259071656428,0.3295897132740073,1.5230551460052837,0.0002520782555948,-0.0004304465698875,False,False,False,0.4231823068115454,-0.0694909050580815,3.087621609309419,0.2924611413736588,-5.148876121753425,-3.087621609309419,0.0,2.3339631477511595,0.0887592072863751,-0.1954184390275117,0.0625,0.0486111111111111,2.668348690976732,-0.0694909050580815,0.2969834189430837,-0.354429042263912,1.2675519395484018,-0.2897969761536667,2.3339631477511595,0.0,1.0,0.0,-0.30000000000000027,1,0,0,1,1,0,0,1,1,0,0,1,1,0,0,1,1,0,0,1,1,0,6,5,1,0.385299671219496,0.6647747260397261,-0.07382305563874625,-4.9652487552275406e-05,8.478614271122329e-05,1.7456225471114324e-05,opposite_sign_council_search_k180,0.4782361938916355,0.40441313825288927,two_regime_assignment_union_k360
116,818,id05,2024-10-16,S4,0.3931603892922221,0.2922944595358598,-0.1008659297563622,-0.4502195071511669,-3.2920099368610103e-06,-2.6751775881449853e-05,True,False,False,0.2430086158788669,-0.077561096688139,-0.2345120183693852,0.3008341177562966,0.7986118774959259,0.2345120183693852,1.0,1.2807430260885897,-0.077561096688139,0.1541912267361519,-0.4090909090909091,0.3368983957219252,1.2807430260885897,-0.077561096688139,-1.2127833981907017,-2.3424803599616357,-2.3755580060619916,1.676007341729722,1.2807430260885897,0.0,0.0,1.0,-0.3000000000000001,1,0,1,0,0,1,1,0,0,1,1,0,1,0,1,0,1,0,1,0,0,1,8,3,5,0.4516300686540932,0.5067209363636538,-0.0688530927337,-2.1936032654549176e-06,-1.782582193121251e-05,1.7153603837828185e-05,subject_threshold_council_balanced_k180,0.3931603892922221,0.3243072965585221,two_regime_assignment_union_k360
82,578,id04,2024-09-13,S2,0.6175528006618692,0.5526777999783262,-0.064875000683543,-0.2676779180373325,-1.2740033851473028e-05,1.8428904024996591e-06,False,False,False,0.0753840502175662,-0.1240156695273529,0.1645353354968288,0.2119568053615578,-0.3960452899060467,-0.1645353354968288,0.0,0.7756038642732721,-0.1240156695273529,0.000368166014552,0.2982456140350877,0.2609649122807018,0.7756038642732721,-0.1240156695273529,-0.3205400445313672,0.1365602483427006,-0.0259047110760546,-1.271754506787818,0.7756038642732721,1.0,0.0,0.0,-0.2676779180373325,1,0,0,1,1,0,1,0,0,1,0,1,1,0,1,0,0,1,1,0,1,0,7,4,3,0.2102039012229606,0.3066494909038331,-0.06487500068354302,-1.2740033851473028e-05,1.8428904024996593e-06,1.6977984904783517e-05,subject_threshold_council_balanced_k180,0.6175528006618692,0.5526777999783262,two_regime_assignment_union_k360
229,1607,id10,2024-08-06,S2,0.3015754350880529,0.3198977779780748,0.0183223428900218,0.0855653804313878,4.986542513627288e-06,6.041700237223783e-06,False,False,False,0.1865150420334329,-0.0292471213641208,0.208545875575739,0.0716453293531026,-0.2963583732790022,-0.208545875575739,0.0,2.5761995772969617,-0.0292471213641208,-0.0134104194423847,-0.3636363636363636,0.2994652406417112,2.5761995772969617,-0.0292471213641208,-0.3171513150060397,-0.7993904467902181,-1.3297960221390528,1.0778943237568557,2.5761995772969617,0.0,0.0,1.0,-0.08556538043138784,1,0,0,1,1,0,1,0,1,0,1,0,1,0,1,0,1,0,1,0,0,1,9,2,7,0.31753896307029755,0.5066052958800736,-0.01771093306746896,-4.986542513627288e-06,-6.041700237223783e-06,1.6934631129812072e-05,opposite_sign_council_search_k180,0.3015754350880529,0.28386450202058394,two_regime_assignment_union_k360
152,1068,id07,2024-07-14,S2,0.5602844611870553,0.6167520709894843,0.0564676098024289,0.2334683933081316,1.1677917340859948e-05,-4.603448180307424e-07,False,False,False,0.1365157344203343,-0.0221370730847098,0.5447653520960523,0.1292087737561821,-0.8132314427479704,-0.5447653520960523,0.0,2.409942125935046,-0.0221370730847098,-0.0645740646786662,0.2857142857142857,0.2666666666666666,2.409942125935046,-0.0221370730847098,0.084525538956395,-0.3403027763887407,1.1979003387842386,-1.227268900701774,2.409942125935046,0.0,1.0,0.0,-0.23346839330813177,1,0,0,1,1,0,1,0,1,0,0,1,1,0,0,1,1,0,0,1,1,0,7,4,3,0.3171922303954581,0.5678027736136707,-0.05807242244045874,-1.1677917340859951e-05,4.6034481803074254e-07,1.6667078700076402e-05,opposite_sign_council_search_k180,0.5602844611870553,0.5022120387465966,two_regime_assignment_union_k360
228,1602,id10,2024-08-05,S4,0.8382240324012181,0.9128081466526788,0.0745841142514606,0.7033418773222253,-7.963149792532365e-05,0.0001518765948657,False,False,False,0.4389125866406899,0.0256600553099512,-0.5095709666390609,0.4423547972566304,0.2945084642049527,-0.5095709666390609,0.0,2.6783806027879264,0.0256600553099512,0.128234517525971,0.2533333333333334,0.2216666666666667,2.6783806027879264,0.0256600553099512,0.3794859674571074,-0.0220387789341204,0.0256034069912719,1.1195036119822566,2.6783806027879264,0.0,1.0,1.0,0.2999999999999998,1,0,0,1,0,1,1,0,1,0,1,0,1,0,1,0,0,1,1,0,1,0,8,3,5,0.2371873500872945,0.5562430277053927,0.0366843695936907,-3.396562915967606e-05,6.478069901537854e-05,1.6645887388916737e-05,subject_threshold_council_balanced_k180,0.8382240324012181,0.8749084019949088,two_regime_assignment_union_k360
13,96,id01,2024-08-17,S3,0.8355998643992115,0.99999,0.1643901356007885,9.88706890496598,-0.0004830540127178,0.0002673326959126,False,False,False,0.557526547460276,0.1626002802919707,0.1127433099321137,0.0249987223704468,-0.3230179383653886,0.1127433099321137,1.0,1.1201808691987234,0.1626002802919707,-0.0412064190709963,0.1463414634146341,0.1365853658536585,1.1201808691987234,0.1626002802919707,-0.797169675044843,-1.4721331811238538,-1.2032971683932403,0.6202634084436986,1.1201808691987234,0.0,0.0,1.0,0.30000000000000027,1,0,1,0,1,0,1,0,0,1,1,0,1,0,0,1,0,1,0,1,1,0,7,4,3,0.34936143023602956,0.3548552525699239,0.03718911936735325,-1.4657145126455347e-05,8.111585905253006e-06,1.663399883686244e-05,subject_threshold_council_balanced_k180,0.8355998643992115,0.8727889837665648,two_regime_assignment_union_k360
162,1138,id07,2024-07-24,S2,0.77807580198628,0.5737281763512125,-0.2043476256350674,-0.9574095807874454,0.0001310462729983,-0.0002027167428426,False,False,False,0.1452498453234861,0.0321014879230096,-0.9036902559334552,0.5654929096925961,-0.0165009099222905,-0.9036902559334552,0.0,2.855970714374099,-0.0522604500454135,-0.0527785793968949,0.2857142857142857,0.2105263157894736,2.173827721990869,0.0321014879230096,0.3541374157080474,0.5825286904907095,-0.7296669042242354,0.8012747368218197,2.855970714374099,1.0,0.0,1.0,0.30000000000000027,1,0,0,1,0,1,0,1,0,1,1,0,1,0,1,0,1,0,0,1,1,0,6,5,1,0.36687635121811923,0.5543009399747287,0.04748520279536861,-4.1062762153647e-05,6.352038257520706e-05,1.662549154235628e-05,opposite_sign_council_search_k180,0.77807580198628,0.8255610047816486,two_regime_assignment_union_k360
54,381,id02,2024-10-12,S1,0.9999896395056452,0.99999,3.6049435481189107e-07,0.0354152208429585,-1.1234944701653498e-05,6.864677340387754e-06,False,True,False,0.4999901261730242,0.0403733517609727,-8.778422154047094,0.7531679409794128,-14.480499820672968,-8.778422154047094,0.0,2.406271907788488,0.34,-0.0133769853894644,0.0899999999999999,0.0323999999999999,2.7180091558067896,0.0403733517609727,1.5231463094865412,1.5730179965865927,2.2564822390760297,0.5668275656926336,2.406271907788488,1.0,1.0,1.0,0.03541522084295856,1,0,0,1,0,1,1,0,0,1,1,0,1,0,1,0,1,0,1,0,1,0,8,3,5,0.5299449747457151,0.7642994828432581,3.6049435481189107e-07,-1.1234944701653498e-05,6.864677340387754e-06,1.6512728710027213e-05,subject_threshold_council_balanced_k180,0.9999896395056452,0.99999,two_regime_assignment_union_k360
206,1447,id09,2024-08-11,S3,0.7081308061437601,0.6613628373052255,-0.0467679688385346,-0.2169497020191577,7.879921375082696e-06,-1.8150418654151293e-06,False,False,False,0.1777316263987126,0.1474700487854519,0.1455135340178951,0.1494474492328067,0.1403954427018248,0.1455135340178951,1.0,1.1904348093896535,0.1474700487854519,-0.0354350245627381,0.2926829268292683,0.2048780487804878,1.1904348093896535,0.1474700487854519,0.2924997352386887,0.7720613392670703,-0.7982311016395836,1.290489095367145,1.1904348093896535,1.0,0.0,1.0,0.2169497020191572,1,0,1,0,1,0,1,0,0,1,1,0,1,0,1,0,1,0,0,1,1,0,9,2,7,0.3184641043497314,0.35388154362015584,0.04274202071542332,-7.879921375082675e-06,1.8150418654151246e-06,1.6414996391760338e-05,opposite_sign_council_search_k180,0.7081308061437601,0.7508728268591833,two_regime_assignment_union_k360
58,409,id02,2024-10-16,S1,0.9345560669097928,0.970418617466209,0.0358625505564162,0.8317045187386398,0.0001742235081756,-0.0003368474453114,False,False,False,0.4829705101609547,-0.0243296055204773,0.0402002609682838,0.7531679409794128,1.9758248042992164,-0.0402002609682838,0.0,2.2373760671494103,0.1306074063645142,0.029169419316067,0.0899999999999999,0.0283499999999999,2.7526353045327414,-0.0243296055204773,-0.3371961271241226,0.3943122234971979,-1.7181946629736464,-0.444270254191524,2.2373760671494103,1.0,0.0,0.0,-0.2999999999999994,1,0,0,1,1,0,0,1,0,1,0,1,1,0,1,0,0,1,1,0,1,0,6,5,1,0.2211511230127159,0.6826352222460657,-0.020918764295328574,-6.284329503458538e-05,0.00012150256649643637,1.6407596739412306e-05,opposite_sign_council_search_k180,0.9345560669097928,0.9136373026144642,two_regime_assignment_union_k360
104,734,id04,2024-10-28,S4,0.5342462178925947,0.5722589675672366,0.0380127496746418,0.1538739964040571,9.723220150876402e-06,4.103356516113918e-06,False,False,False,0.0855634299533612,-0.1012011161508772,0.057195324090513,0.1593036892540636,-0.0756182918793329,-0.057195324090513,0.0,1.5961059415654766,-0.1012011161508772,-0.052582780201136,-0.1263157894736842,0.0848842105263158,1.5961059415654766,-0.1012011161508772,0.2653788550615071,0.7389872793213227,-0.5267931680764871,0.6656846785695164,1.5961059415654766,1.0,0.0,1.0,-0.15387399640405677,1,0,0,1,1,0,1,0,1,0,1,0,1,0,0,1,0,1,1,0,0,1,7,4,3,0.23163021788968166,0.3831657231181368,-0.03841469916918927,-9.723220150876382e-06,-4.10335651611391e-06,1.6102216401675224e-05,opposite_sign_council_search_k180,0.5342462178925947,0.4958315187234055,two_regime_assignment_union_k360
219,1537,id09,2024-09-10,S2,0.7148122477044718,0.86388317268638,0.1490709249819082,0.9290518272773758,-1.915168466927413e-06,-8.12298003505529e-05,True,False,False,0.4160579964300479,0.0300482076267184,-0.352852056977792,0.702491208206043,1.3419919356971222,-0.352852056977792,0.0,2.565203862801712,0.0300482076267184,0.0304433172033826,-0.3219512195121951,0.1622634146341463,2.565203862801712,0.0300482076267184,0.644525788969268,1.6566527699906453,0.6750711792453937,-1.3559082533252218,2.565203862801712,1.0,1.0,0.0,0.2999999999999998,1,0,0,1,0,1,1,0,1,0,0,1,1,0,1,0,1,0,1,0,0,1,7,4,3,0.37010100843906835,0.7071943087580234,0.05705276443880691,-6.184267908518811e-07,-2.6229903854319978e-05,1.6051174154031134e-05,subject_threshold_council_balanced_k180,0.7148122477044718,0.7718650121432787,two_regime_assignment_union_k360
116,816,id05,2024-10-16,S2,0.3188838526694466,1e-05,-0.3188738526694465,-10.75400955750046,-0.0004927068969041,0.0002726748139468,False,False,False,0.6115958484343063,-0.1396647102945294,0.4893535579596518,0.8290599392079937,1.046555980173172,-0.4893535579596518,0.0,1.3180158173523542,-0.1396647102945294,-0.0339589512780628,-0.25,0.2058823529411765,1.3180158173523542,-0.1396647102945294,2.0745520611087382,5.696572717785377,-0.2735736309862739,0.6744907594765951,1.3180158173523542,1.0,0.0,1.0,-0.30000000000000004,1,0,0,1,1,0,1,0,1,0,1,0,1,0,0,1,0,1,1,0,0,1,7,4,3,0.40239504794957043,0.5899851137765703,-0.06136525994787717,-1.3744833336897695e-05,7.606692531439378e-06,1.5960935233001858e-05,subject_threshold_council_balanced_k180,0.3188838526694466,0.2575185927215694,two_regime_assignment_union_k360
120,843,id05,2024-11-08,S1,0.3933209374461716,0.3539569238972264,-0.0393640135489451,-0.1683169503622131,-8.554585467369177e-06,-5.946748848158486e-06,True,False,False,0.1598204808449043,-0.0240668193175575,0.4405922680899458,0.0981900356482849,-0.5089173175787831,-0.4405922680899458,0.0,3.006252586806609,-0.0240668193175575,-0.0139260720726711,-0.4772727272727273,0.4176136363636363,3.006252586806609,-0.0240668193175575,0.3332549786955656,-1.5008372533579752,0.1939812020968643,2.7422198448373374,3.006252586806609,0.0,1.0,1.0,-0.16831695036221328,1,0,0,1,1,0,1,0,1,0,1,0,1,0,0,1,1,0,0,1,0,1,7,4,3,0.34259069726824354,0.5665568725769197,-0.0393640135489452,-8.554585467369182e-06,-5.94674884815849e-06,1.576431641475543e-05,subject_threshold_council_balanced_k180,0.3933209374461716,0.3539569238972263,two_regime_assignment_union_k360
132,927,id06,2024-07-11,S1,0.9088797406235304,0.99999,0.0911102593764696,9.21288284371557,0.000279071235194,-0.0012510991546872,False,False,False,0.5318785907817645,0.1407921635036483,0.7004787212666601,0.2924611413736588,1.5519132189149925,0.7004787212666601,1.0,0.9794356208809238,0.1407921635036483,-0.023588363271991,0.0625,0.0486111111111111,0.9794356208809238,0.1407921635036483,0.0751210490148777,1.001504935754728,-1.0947136255301897,0.4123542876547763,0.9794356208809238,1.0,0.0,1.0,0.30000000000000027,1,0,1,0,1,0,1,0,0,1,1,0,1,0,1,0,1,0,0,1,1,0,9,2,7,0.3401109922041282,0.4720289118086286,0.02198393844915658,9.087423771521685e-06,-4.0739663444456366e-05,1.56991538470935e-05,subject_threshold_council_balanced_k180,0.9088797406235304,0.930863679072687,two_regime_assignment_union_k360
112,788,id05,2024-10-06,S2,0.1662081638031328,0.0081323482054978,-0.1580758155976349,-3.190997196086962,-0.0001792201920204,0.0001710449741008,False,False,False,0.5471941872536744,-0.0247750489575016,0.4460114099848586,0.0681190740942654,-0.6448216395801775,-0.4460114099848586,0.0,2.904529006100225,-0.0253579741876542,-0.0537268687384606,-0.25,0.1944444444444444,2.904900500774995,-0.0247750489575016,0.860930228882447,2.4044029908474185,-1.080742246660037,0.6744907594765951,2.904529006100225,1.0,0.0,1.0,-0.30000000000000004,1,0,0,1,1,0,1,0,1,0,1,0,1,0,0,1,0,1,1,0,0,1,7,4,3,0.3884245390981917,0.5829102836919104,-0.03753513445050799,-1.6849296411809405e-05,1.608070740180048e-05,1.5629313207450327e-05,subject_threshold_council_balanced_k180,0.1662081638031328,0.1286730293526248,two_regime_assignment_union_k360
155,1089,id07,2024-07-17,S2,0.6549575607702366,0.871568907975544,0.2166113472053074,1.2739993993210894,1.5639496219355556e-06,-5.747730837687588e-05,False,False,False,0.4473828794974016,0.0855111070402347,0.0353438372945259,0.2400438754868679,0.3784428632501768,0.0353438372945259,1.0,1.6970137653534156,0.0855111070402347,0.0227136928648345,0.2857142857142857,0.2222222222222222,1.6970137653534156,0.0855111070402347,0.7310222377705898,0.486576161163148,1.222560302347708,0.8012747368218197,1.6970137653534156,1.0,1.0,1.0,0.3000000000000004,1,0,1,0,1,0,1,0,1,0,1,0,1,0,1,0,1,0,1,0,1,0,11,0,11,0.2916186468799054,0.46809649926911034,0.06432446620050147,3.6827716467581894e-07,-1.3534694382314177e-05,1.5578701698125805e-05,subject_threshold_council_balanced_k180,0.6549575607702366,0.7192820269707381,two_regime_assignment_union_k360
67,474,id03,2024-08-27,S3,0.4771472653576554,0.4634367084074469,-0.0137105569502085,-0.0550400315062092,-5.089435406836559e-06,-8.405743979542764e-06,True,False,False,0.041361986525126,-0.0798000000000002,0.2403835888373769,0.2095335400074483,-0.488533377494271,-0.2403835888373769,0.0,0.9477679807237483,-0.0798000000000002,-0.0724971144554499,0.5151515151515151,0.4242424242424242,0.9477679807237483,-0.0798000000000002,-0.6663480755184947,0.7489660956111541,-0.9960285547441916,-2.4092920955789494,0.9477679807237483,1.0,0.0,0.0,-0.055040031506209064,1,0,0,1,1,0,1,0,1,0,0,1,1,0,1,0,0,1,1,0,1,0,8,3,5,0.38344793893382617,0.3882065512779612,-0.013710556950208452,-5.0894354068365465e-06,-8.405743979542743e-06,1.548543882964627e-05,subject_threshold_council_balanced_k180,0.4771472653576554,0.46343670840744694,two_regime_assignment_union_k360
91,642,id04,2024-09-25,S3,0.5233996338007635,0.5021218526438026,-0.0212777811569608,-0.0851794958934245,-9.902066618031567e-06,-1.2577295690289445e-05,True,False,False,0.0095690760487389,-0.0593617965202778,-0.0882868561301934,0.1705105651746488,0.6005288217810155,0.0882868561301934,1.0,2.682252778785108,-0.0593617965202778,-0.0008092986499427,-0.243859649122807,0.2008255933952528,2.682252778785108,-0.0593617965202778,1.1004324535966048,0.6948122727404159,1.4945245683233463,1.0668845606362525,2.682252778785108,1.0,1.0,1.0,-0.08517949589342454,1,0,1,0,0,1,1,0,1,0,1,0,1,0,0,1,0,1,0,1,0,1,6,5,1,0.3352815966940458,0.5738026608272445,-0.021277781156960884,-9.902066618031567e-06,-1.2577295690289445e-05,1.4954720194745294e-05,subject_threshold_council_balanced_k180,0.5233996338007635,0.5021218526438026,two_regime_assignment_union_k360
84,592,id04,2024-09-15,S2,0.6874022419354989,0.3907551889815087,-0.2966470529539902,-1.2321413065324711,1.2213024028895904e-05,-0.0001000073147826,False,False,False,0.2130712795523878,-0.1350364634118793,-0.1674343448454182,0.2350980750843072,0.3114355872986784,0.1674343448454182,1.0,0.8048503713249563,-0.1350364634118793,-0.001343816599661,0.2982456140350877,0.2609649122807018,0.8048503713249563,-0.1350364634118793,-0.5181638654266939,-0.2845406867917086,-0.1809621294539365,-1.271754506787818,0.8048503713249563,0.0,0.0,0.0,-0.29999999999999966,1,0,1,0,0,1,1,0,1,0,0,1,1,0,1,0,1,0,1,0,1,0,9,2,7,0.25565071481988927,0.3141665666737259,-0.06776651063510575,2.973609592701541e-06,-2.434963772071323e-05,1.484258856149158e-05,subject_threshold_council_balanced_k180,0.6874022419354989,0.6196357313003932,two_regime_assignment_union_k360
225,1578,id09,2024-09-20,S1,0.8186793973661666,0.7003394849849043,-0.1183399123812622,-0.6585108225960139,2.6041406084103115e-05,-0.0001111310266891,False,False,False,0.241758454318346,0.0327504606221239,-1.1018902887578637,0.1604130545560181,-1.693852664737255,-1.1018902887578637,0.0,2.6392287009278075,-0.0316307192865902,0.0778634982860381,-0.0439024390243902,0.0147512195121951,1.9294438737754993,0.0327504606221239,-0.1253751235322213,-0.5194564480643923,-0.2167753778910114,-0.1853305686114351,2.6392287009278075,0.0,0.0,0.0,-0.30000000000000027,0,1,1,0,1,0,1,0,0,1,1,0,0,1,1,0,1,0,1,0,1,0,8,3,5,0.25633773263202897,0.5990642870528101,-0.04883624000130571,1.1863771341574048e-05,-5.062833724633133e-05,1.4801538527204597e-05,subject_threshold_council_balanced_k180,0.8186793973661666,0.7698431573648609,two_regime_assignment_union_k360
5,38,id01,2024-08-06,S1,0.452157785185675,0.4817500961440876,0.0295923109584126,0.1189240561990994,-4.332407441854975e-06,-5.3305837573701954e-06,True,False,False,0.0286072126913567,0.1155310948905108,0.3929174365781057,0.3490850154722956,1.2194855040204111,0.3929174365781057,1.0,1.2069923047859985,0.1155310948905108,-0.0008123394141743,0.3658536585365853,0.2328159645232816,1.2069923047859985,0.1155310948905108,0.2455742070500254,-0.6791630759849544,0.1308296230946874,2.1163555254338027,1.2069923047859985,0.0,1.0,1.0,0.1189240561990996,1,0,1,0,1,0,1,0,0,1,1,0,1,0,1,0,0,1,1,0,1,0,9,2,7,0.30701663653122363,0.4996599047985069,0.029592310958412693,-4.332407441854979e-06,-5.330583757370201e-06,1.472222317845689e-05,subject_threshold_council_balanced_k180,0.452157785185675,0.4817500961440877,two_regime_assignment_union_k360
4,34,id01,2024-08-04,S4,0.6844363334065584,0.586772673048358,-0.0976636603582004,-0.4235955653447721,2.1034068263715256e-06,-4.169663694823091e-05,False,False,False,0.1209549541737281,-0.1344076332623983,-0.3895108352991945,0.4335144999670082,1.3246148649233094,0.3895108352991945,1.0,0.7789891256852431,-0.1344076332623983,0.0054699010825764,0.2121951219512194,0.1485365853658536,0.7789891256852431,-0.1344076332623983,-0.3124938958653698,0.2816346382939916,-0.7570978511218628,-0.5437754960121386,0.7789891256852431,1.0,0.0,0.0,-0.3000000000000002,1,0,1,0,0,1,1,0,0,1,0,1,1,0,1,0,0,1,1,0,1,0,7,4,3,0.2790501779792417,0.4369518634849814,-0.06805065992002712,1.4896804866166572e-06,-2.95305052929154e-05,1.4307949753348386e-05,subject_threshold_council_balanced_k180,0.6844363334065584,0.6163856734865313,two_regime_assignment_union_k360
45,320,id02,2024-10-01,S3,0.9249677621650458,0.99999,0.0750222378349542,9.00107443871505,-0.0005230956143318,0.0002894925973445,False,False,False,0.526247783242234,0.064101722154667,-0.6377542983165507,0.2776754753662831,-0.5460948997355558,-0.6377542983165507,0.0,2.38696634836897,0.064101722154667,0.0325794616391326,-0.045,0.0266823529411764,2.38696634836897,0.064101722154667,0.4166806215428928,-0.0974388344948386,1.223677277696852,-0.2560566772087075,2.38696634836897,0.0,1.0,0.0,0.30000000000000204,1,0,0,1,0,1,1,0,1,0,0,1,1,0,1,0,0,1,1,0,0,1,6,5,1,0.27081072205734863,0.5538564550749322,0.018344584747466364,-1.7434439118131518e-05,9.648601374722706e-06,1.4203383282292529e-05,subject_threshold_council_balanced_k180,0.9249677621650458,0.9433123469125122,two_regime_assignment_union_k360
55,389,id02,2024-10-13,S2,0.8832798912875893,0.99999,0.1167101087124107,9.489052172480967,-0.0001000948132023,-0.0006621686627352,True,False,False,0.5408385380493438,0.0747653620262679,0.6597970282430201,0.2857650478884603,1.5606752480521484,0.6597970282430201,1.0,1.292874823156608,0.0747653620262679,-0.0213317224100928,0.0599999999999999,0.020855172413793,1.292874823156608,0.0747653620262679,-0.9637559621090273,-1.290642241460325,-1.651038441368422,-9.853094356155583e-17,1.292874823156608,0.0,0.0,0.0,0.2999999999999998,1,0,1,0,1,0,1,0,0,1,1,0,1,0,0,1,0,1,0,1,0,0,6,4,2,0.36325768161001176,0.5269606524788498,0.027554306076700952,-3.164535658029508e-06,-2.0934714575251858e-05,1.4148619668212788e-05,subject_threshold_council_balanced_k180,0.8832798912875893,0.9108341973642903,two_regime_assignment_union_k360
204,1433,id09,2024-08-09,S3,0.70854193311478,0.7427059045424768,0.0341639714276967,0.1717672732264996,-6.158291548767399e-06,4.88559191631334e-06,False,False,False,0.2546632945421706,0.0269966312360767,0.2419429179375434,0.2478668383219512,1.2385928591583657,0.2419429179375434,1.0,3.0161722209706148,0.0269966312360767,0.0416040855596239,0.2926829268292683,0.2276422764227643,3.0161722209706148,0.0269966312360767,1.1717498299788656,1.0743457604988351,1.013717237223167,1.290489095367145,3.0161722209706148,1.0,1.0,1.0,0.17176727322649965,1,0,1,0,1,0,1,0,1,0,1,0,1,0,1,0,1,0,1,0,1,0,11,0,11,0.37493524369334774,0.6603220755638586,0.03416397142769678,-6.158291548767399e-06,4.88559191631334e-06,1.3610700909473214e-05,subject_threshold_council_balanced_k180,0.70854193311478,0.7427059045424768,two_regime_assignment_union_k360
180,1264,id07,2024-09-01,S2,0.6110119931076268,0.99999,0.3889780068923733,11.061347389824077,-0.0004798770723119,1.8471404474791103e-05,False,False,False,0.6361323024123307,0.0923904252841386,-0.5535718860675459,1.018294542840999,1.4495489330116054,-0.5535718860675459,0.0,1.1700535436961754,0.0923904252841386,-0.0689077280956907,-0.2742857142857143,0.0864,1.1700535436961754,0.0923904252841386,0.156071503197922,0.8561833473955638,0.4516321413799855,-1.1866980279513026,1.1700535436961754,1.0,1.0,0.0,0.30000000000000004,1,0,0,1,0,1,1,0,0,1,0,1,1,0,1,0,1,0,1,0,0,1,6,5,1,0.33827923009210853,0.5877449212660368,0.06850828573990342,-1.301497155997628e-05,5.009716399952488e-07,1.3445938719299108e-05,subject_threshold_council_balanced_k180,0.6110119931076268,0.6795202788475303,two_regime_assignment_union_k360
179,1258,id07,2024-08-30,S3,0.7721195913481159,0.80361414204971,0.0314945507015941,0.1887193629779653,-6.2169695945458166e-06,3.4406074649204276e-06,False,False,False,0.314637234795268,0.0357397691102646,0.1705450017156602,0.0298869297928019,0.3030557293642487,0.1705450017156602,1.0,2.6050639861238536,0.0357397691102646,0.0059858503758996,0.146938775510204,0.0493714285714285,2.6050639861238536,0.0357397691102646,0.3476816010509672,0.6789331201901107,-0.6823250260509728,0.6229990234923657,2.6050639861238536,1.0,0.0,1.0,0.18871936297796466,1,0,1,0,1,0,1,0,1,0,1,0,1,0,1,0,1,0,0,1,1,0,10,1,9,0.24256869114453353,0.485244568123828,0.031494550701594015,-6.2169695945457945e-06,3.4406074649204153e-06,1.3392785764620052e-05,subject_threshold_council_balanced_k180,0.7721195913481159,0.8036141420497099,two_regime_assignment_union_k360
154,1082,id07,2024-07-16,S2,0.5975868830748046,0.7345176119909175,0.1369307289161129,0.6222450009797063,-1.4109224158755077e-06,-2.2112480665112395e-05,True,False,False,0.282443367111557,0.0393955837135573,0.348199818502058,0.1726704441205901,1.2245901630266998,0.348199818502058,1.0,3.0559084249374697,0.0393955837135573,0.0609520824733549,0.2857142857142857,0.2352941176470588,3.0559084249374697,0.0393955837135573,0.5330712703120639,-0.5329124402128391,1.2037140667280593,0.8012747368218197,3.0559084249374697,0.0,1.0,1.0,0.3,1,0,1,0,1,0,1,0,1,0,1,0,1,0,1,0,0,1,1,0,1,0,10,1,9,0.327418755833073,0.6378005262739223,0.0695847673102179,-6.80241262037004e-07,-1.0660984321431407e-05,1.3334385260761456e-05,subject_threshold_council_balanced_k180,0.5975868830748046,0.6671716503850225,two_regime_assignment_union_k360
75,530,id03,2024-09-22,S3,0.443100534291953,0.5041557352216248,0.0610552009296718,0.2452113708585163,-6.948074650631707e-06,6.445709501859831e-06,False,False,False,0.0255250555470099,0.0863019051418599,0.3789180703456093,0.2109546449798091,0.8309623371199902,0.3789180703456093,1.0,1.3761650073501082,0.0863019051418599,0.0437115717225057,0.0109090909090908,0.0047810276679841,1.3761650073501082,0.0863019051418599,0.8166410023606784,0.8951718623785345,1.6585104048401995,0.0,1.3761650073501082,1.0,1.0,0.0,0.24521137085851638,1,0,1,0,1,0,1,0,1,0,1,0,1,0,1,0,1,0,1,0,0,0,10,0,10,0.30487134946718286,0.47601834535539744,0.061055200929671816,-6.948074650631707e-06,6.445709501859831e-06,1.3071789660800149e-05,subject_threshold_council_balanced_k180,0.443100534291953,0.5041557352216248,two_regime_assignment_union_k360
60,424,id03,2024-08-18,S2,0.5267102441845282,0.488104593913923,-0.0386056502706051,-0.1545333880462869,-1.560083533428776e-05,2.245356670012128e-05,False,False,False,0.0254073836807887,-0.0357545278460534,0.0255187687756389,0.0718369305013307,0.3027038064092237,-0.0255187687756389,0.0,3.3233609051554667,0.0526528974363472,-0.1523362121748584,-0.5151515151515151,0.4507575757575757,1.8311111384240724,-0.0357545278460534,-0.0121183415831536,-0.7679198214001681,-0.9828852784895163,1.6157657427972023,3.3233609051554667,0.0,0.0,1.0,-0.1545333880462869,1,0,0,1,1,0,0,1,1,0,1,0,1,0,1,0,1,0,1,0,0,1,8,3,5,0.2851257301627163,0.5031049984537395,-0.03860565027060514,-1.560083533428776e-05,2.2453566700121278e-05,1.282192764261848e-05,subject_threshold_council_balanced_k180,0.5267102441845282,0.488104593913923,two_regime_assignment_union_k360
11,82,id01,2024-08-14,S3,0.8422241438292339,0.9421509919404718,0.0999268481112378,1.1154584547865098,-5.915274240779922e-05,3.273642632534983e-05,False,False,False,0.477125388779405,0.1627820145985391,-0.0953728552150627,0.1840906585729373,-0.2432099180623802,-0.0953728552150627,0.0,1.0912529976749137,0.1627820145985391,-0.0709035546604463,0.1463414634146341,0.1138211382113821,1.0912529976749137,0.1627820145985391,-0.0034618881589625,0.633911830223034,-1.0848825732391263,0.6202634084436986,1.0912529976749137,1.0,0.0,1.0,0.30000000000000027,1,0,0,1,0,1,1,0,0,1,1,0,1,0,0,1,1,0,0,1,1,0,6,5,1,0.25462308389822835,0.34573161997793705,0.03590917852662334,-1.590899476909357e-05,8.80438698139108e-06,1.2588558215455366e-05,subject_threshold_council_balanced_k180,0.8422241438292339,0.8781333223558573,two_regime_assignment_union_k360
157,1104,id07,2024-07-19,S3,0.8201447636409854,0.9396488969379015,0.1195041332969161,1.227998485631369,-4.492669342877077e-05,2.4863418492641473e-05,False,False,False,0.4814753435918222,0.0662919276667507,-0.1702841376199459,0.0139321099170202,-0.3548662981734935,-0.1702841376199459,0.0,2.7074112084930633,0.0662919276667507,-4.889715233674108e-05,0.2040816326530612,0.1428571428571428,2.7074112084930633,0.0662919276667507,0.757674867362532,-0.1666058474247239,1.4821731184046625,0.8847061964815209,2.7074112084930633,0.0,1.0,1.0,0.2999999999999996,1,0,0,1,0,1,1,0,0,1,1,0,1,0,1,0,0,1,1,0,1,0,7,4,3,0.28660663428951483,0.5050375824351517,0.040100505420547106,-1.0975590105635647e-05,6.074132529534361e-06,1.2585818321716071e-05,subject_threshold_council_balanced_k180,0.8201447636409854,0.8602452690615325,two_regime_assignment_union_k360
191,1342,id08,2024-08-14,S3,0.6100110608464467,0.5772598214356367,-0.03275123941081,-0.1358240049452905,-8.399759659776392e-06,-1.0039387919770962e-05,True,False,False,0.0887227552294202,-0.0658751478260871,0.1918520778588391,0.0272681436575935,-0.3650235846644838,-0.1918520778588391,0.0,2.6781971178919015,-0.0658751478260871,-0.0128039926598667,-0.1607142857142857,0.140625,2.6781971178919015,-0.0658751478260871,0.8796383312688462,0.6152504363069893,1.1575293642715871,0.6860891455522513,2.6781971178919015,1.0,1.0,1.0,-0.1358240049452905,1,0,0,1,1,0,1,0,1,0,1,0,1,0,0,1,0,1,0,1,0,1,6,5,1,0.3107545634909228,0.51265450051783,-0.03275123941081004,-8.399759659776392e-06,-1.0039387919770962e-05,1.2396866602482835e-05,subject_threshold_council_balanced_k180,0.6100110608464467,0.5772598214356367,two_regime_assignment_union_k360
96,676,id04,2024-10-17,S2,0.7268566645527601,0.69076303995182,-0.0360936246009401,-0.1750436046717245,-1.5273718666525996e-05,8.452811238975176e-06,False,False,False,0.203395808562149,-0.1451813372674393,-0.3267690216392221,0.2037025294459379,0.5131956247480522,0.3267690216392221,1.0,0.7928530657680747,-0.1451813372674393,-0.0002245646820118,0.2982456140350877,0.2456140350877193,0.7928530657680747,-0.1451813372674393,0.0398742256630349,0.3981412525708097,0.8585017466169922,-1.271754506787818,0.7928530657680747,1.0,1.0,0.0,-0.17504360467172453,1,0,1,0,0,1,1,0,1,0,0,1,1,0,0,1,0,1,0,1,1,0,6,5,1,0.30196704826637166,0.344019720362728,-0.03609362460094012,-1.5273718666525996e-05,8.452811238975176e-06,1.1894224780246376e-05,subject_threshold_council_balanced_k180,0.7268566645527601,0.69076303995182,two_regime_assignment_union_k360
